2026-01-25T03:10:37	tedana.tedana_workflow	INFO    	Using output directory: /lustre10/scratch/bpinsard/emotion-videos.tedana/sub-02/ses-006/func
2026-01-25T03:10:37	tedana.tedana_workflow	INFO    	Initializing and validating component selection tree
2026-01-25T03:10:37	component_selector.__init__    	INFO    	Performing component selection with demo_external_regressors_single_model
2026-01-25T03:10:37	component_selector.__init__    	INFO    	Demonstration based on the minimal decision tree that uses an F stat on a model with multiple external regressors.
2026-01-25T03:10:37	tedana.tedana_workflow	INFO    	Loading input data: ['sourcedata/cneuromod.emotion-videos.fmriprep/sub-02/ses-006/func/sub-02_ses-006_task-emotion_run-01_echo-1_part-mag_desc-preproc_bold.nii.gz', 'sourcedata/cneuromod.emotion-videos.fmriprep/sub-02/ses-006/func/sub-02_ses-006_task-emotion_run-01_echo-2_part-mag_desc-preproc_bold.nii.gz', 'sourcedata/cneuromod.emotion-videos.fmriprep/sub-02/ses-006/func/sub-02_ses-006_task-emotion_run-01_echo-3_part-mag_desc-preproc_bold.nii.gz']
2026-01-25T03:11:02	external.validate_extern_regress	WARNING 	User-provided external_regressors include columns not used in any external regressor model: ['a_comp_cor_00', 'a_comp_cor_01', 'a_comp_cor_02', 'a_comp_cor_03', 'a_comp_cor_04', 'a_comp_cor_05', 'a_comp_cor_06', 'a_comp_cor_07', 'a_comp_cor_08', 'a_comp_cor_09', 'a_comp_cor_10', 'a_comp_cor_11', 'a_comp_cor_12', 'a_comp_cor_13', 'a_comp_cor_14', 'a_comp_cor_15', 'a_comp_cor_16', 'a_comp_cor_17', 'a_comp_cor_18', 'a_comp_cor_19', 'a_comp_cor_20', 'a_comp_cor_21', 'a_comp_cor_22', 'a_comp_cor_23', 'a_comp_cor_24', 'a_comp_cor_25', 'a_comp_cor_26', 'a_comp_cor_27', 'a_comp_cor_28', 'a_comp_cor_29', 'a_comp_cor_30', 'a_comp_cor_31', 'a_comp_cor_32', 'a_comp_cor_33', 'a_comp_cor_34', 'a_comp_cor_35', 'a_comp_cor_36', 'a_comp_cor_37', 'a_comp_cor_38', 'a_comp_cor_39', 'a_comp_cor_40', 'a_comp_cor_41', 'a_comp_cor_42', 'a_comp_cor_43', 'a_comp_cor_44', 'a_comp_cor_45', 'a_comp_cor_46', 'a_comp_cor_47', 'a_comp_cor_48', 'a_comp_cor_49', 'a_comp_cor_50', 'a_comp_cor_51', 'a_comp_cor_52', 'a_comp_cor_53', 'a_comp_cor_54', 'a_comp_cor_55', 'a_comp_cor_56', 'a_comp_cor_57', 'a_comp_cor_58', 'a_comp_cor_59', 'a_comp_cor_60', 'a_comp_cor_61', 'a_comp_cor_62', 'a_comp_cor_63', 'a_comp_cor_64', 'a_comp_cor_65', 'a_comp_cor_66', 'a_comp_cor_67', 'a_comp_cor_68', 'a_comp_cor_69', 'a_comp_cor_70', 'a_comp_cor_71', 'a_comp_cor_72', 'a_comp_cor_73', 'a_comp_cor_74', 'a_comp_cor_75', 'a_comp_cor_76', 'a_comp_cor_77', 'a_comp_cor_78', 'c_comp_cor_00', 'c_comp_cor_01', 'c_comp_cor_02', 'c_comp_cor_03', 'c_comp_cor_04', 'c_comp_cor_05', 'c_comp_cor_06', 'c_comp_cor_07', 'c_comp_cor_08', 'c_comp_cor_09', 'c_comp_cor_10', 'c_comp_cor_11', 'c_comp_cor_12', 'c_comp_cor_13', 'c_comp_cor_14', 'c_comp_cor_15', 'c_comp_cor_16', 'c_comp_cor_17', 'c_comp_cor_18', 'c_comp_cor_19', 'c_comp_cor_20', 'c_comp_cor_21', 'c_comp_cor_22', 'c_comp_cor_23', 'c_comp_cor_24', 'c_comp_cor_25', 'c_comp_cor_26', 'c_comp_cor_27', 'c_comp_cor_28', 'c_comp_cor_29', 'c_comp_cor_30', 'c_comp_cor_31', 'c_comp_cor_32', 'c_comp_cor_33', 'c_comp_cor_34', 'c_comp_cor_35', 'c_comp_cor_36', 'c_comp_cor_37', 'c_comp_cor_38', 'c_comp_cor_39', 'c_comp_cor_40', 'c_comp_cor_41', 'c_comp_cor_42', 'c_comp_cor_43', 'c_comp_cor_44', 'c_comp_cor_45', 'c_comp_cor_46', 'c_comp_cor_47', 'c_comp_cor_48', 'c_comp_cor_49', 'c_comp_cor_50', 'c_comp_cor_51', 'cosine05', 'csf_derivative1', 'csf_derivative1_power2', 'csf_wm', 'dvars', 'edge_comp_00', 'edge_comp_01', 'edge_comp_02', 'edge_comp_03', 'edge_comp_04', 'edge_comp_05', 'edge_comp_06', 'edge_comp_07', 'edge_comp_08', 'edge_comp_09', 'edge_comp_10', 'edge_comp_11', 'edge_comp_12', 'edge_comp_13', 'edge_comp_14', 'edge_comp_15', 'edge_comp_16', 'edge_comp_17', 'edge_comp_18', 'edge_comp_19', 'edge_comp_20', 'edge_comp_21', 'edge_comp_22', 'edge_comp_23', 'global_signal', 'global_signal_derivative1', 'global_signal_derivative1_power2', 'global_signal_power2', 'rmsd', 'rot_x_derivative1', 'rot_x_derivative1_power2', 'rot_y_derivative1', 'rot_y_derivative1_power2', 'rot_z_derivative1', 'rot_z_derivative1_power2', 'std_dvars', 't_comp_cor_00', 't_comp_cor_01', 't_comp_cor_02', 't_comp_cor_03', 't_comp_cor_04', 't_comp_cor_05', 't_comp_cor_06', 't_comp_cor_07', 't_comp_cor_08', 'tcompcor', 'w_comp_cor_00', 'w_comp_cor_01', 'w_comp_cor_02', 'w_comp_cor_03', 'w_comp_cor_04', 'w_comp_cor_05', 'w_comp_cor_06', 'w_comp_cor_07', 'w_comp_cor_08', 'w_comp_cor_09', 'w_comp_cor_10', 'w_comp_cor_11', 'w_comp_cor_12', 'w_comp_cor_13', 'w_comp_cor_14', 'w_comp_cor_15', 'w_comp_cor_16', 'w_comp_cor_17', 'w_comp_cor_18', 'w_comp_cor_19', 'w_comp_cor_20', 'w_comp_cor_21', 'w_comp_cor_22', 'w_comp_cor_23', 'w_comp_cor_24', 'w_comp_cor_25', 'w_comp_cor_26', 'w_comp_cor_27', 'w_comp_cor_28', 'w_comp_cor_29', 'w_comp_cor_30', 'w_comp_cor_31', 'w_comp_cor_32', 'w_comp_cor_33', 'w_comp_cor_34', 'w_comp_cor_35', 'w_comp_cor_36', 'w_comp_cor_37', 'w_comp_cor_38', 'w_comp_cor_39', 'w_comp_cor_40', 'w_comp_cor_41', 'w_comp_cor_42', 'w_comp_cor_43', 'w_comp_cor_44', 'w_comp_cor_45', 'w_comp_cor_46', 'w_comp_cor_47', 'w_comp_cor_48', 'w_comp_cor_49', 'w_comp_cor_50', 'w_comp_cor_51', 'w_comp_cor_52', 'w_comp_cor_53', 'w_comp_cor_54', 'w_comp_cor_55', 'w_comp_cor_56', 'w_comp_cor_57', 'w_comp_cor_58', 'w_comp_cor_59', 'w_comp_cor_60', 'w_comp_cor_61', 'w_comp_cor_62', 'w_comp_cor_63', 'w_comp_cor_64', 'w_comp_cor_65', 'w_comp_cor_66', 'w_comp_cor_67', 'w_comp_cor_68', 'w_comp_cor_69', 'w_comp_cor_70', 'w_comp_cor_71', 'w_comp_cor_72', 'w_comp_cor_73', 'w_comp_cor_74', 'w_comp_cor_75', 'w_comp_cor_76', 'w_comp_cor_77', 'w_comp_cor_78', 'w_comp_cor_79', 'white_matter', 'white_matter_derivative1', 'white_matter_derivative1_power2', 'white_matter_power2']
2026-01-25T03:11:02	external.validate_extern_regress	WARNING 	External regressors include columns with NaN values: ['csf_derivative1', 'csf_derivative1_power2', 'dvars', 'framewise_displacement', 'global_signal_derivative1', 'global_signal_derivative1_power2', 'rmsd', 'rot_x_derivative1', 'rot_x_derivative1_power2', 'rot_y_derivative1', 'rot_y_derivative1_power2', 'rot_z_derivative1', 'rot_z_derivative1_power2', 'std_dvars', 'trans_x_derivative1', 'trans_x_derivative1_power2', 'trans_y_derivative1', 'trans_y_derivative1_power2', 'trans_z_derivative1', 'trans_z_derivative1_power2', 'white_matter_derivative1', 'white_matter_derivative1_power2']. These will be backfilled with the nearest non-NaN value.
2026-01-25T03:11:02	io.__init__    	INFO    	Generating figures directory: /lustre10/scratch/bpinsard/emotion-videos.tedana/sub-02/ses-006/func/figures
2026-01-25T03:11:02	tedana.tedana_workflow	INFO    	Using user-defined mask
2026-01-25T03:11:03	utils.make_adaptive_mask	INFO    	Echo-wise intensity thresholds for adaptive mask: [4184.21395628 3068.01341745 2877.52806932]
2026-01-25T03:11:03	utils.make_adaptive_mask	WARNING 	8510 voxels in user-defined mask do not have good signal. Removing voxels from mask.
2026-01-25T03:11:03	tedana.tedana_workflow	INFO    	Computing T2* map
2026-01-25T03:14:22	combine.make_optcom 	INFO    	Optimally combining data with voxel-wise T2* estimates
2026-01-25T03:16:59	tedana.tedana_workflow	INFO    	Writing optimally combined data set: /lustre10/scratch/bpinsard/emotion-videos.tedana/sub-02/ses-006/func/sub-02_ses-006_task-emotion_run-01_desc-optcom_bold.nii.gz
2026-01-25T03:16:59	pca.tedpca      	INFO    	Computing PCA of optimally combined multi-echo data with selection criteria: aic
2026-01-25T03:17:11	pca.tedpca      	INFO    	Optimal number of components based on different criteria:
2026-01-25T03:17:11	pca.tedpca      	INFO    	AIC: 22 | KIC: 21 | MDL: 13 | 90% varexp: 159 | 95% varexp: 174
2026-01-25T03:17:11	pca.tedpca      	INFO    	Explained variance based on different criteria:
2026-01-25T03:17:11	pca.tedpca      	INFO    	AIC: 0.403% | KIC: 0.398% | MDL: 0.355% | 90% varexp: 0.903% | 95% varexp: 0.952%
2026-01-25T03:17:11	pca.tedpca      	INFO    	Plotting maPCA optimization curves
2026-01-25T03:17:11	collect.generate_metrics	INFO    	Calculating weight maps
2026-01-25T03:17:12	collect.generate_metrics	INFO    	Calculating parameter estimate maps for optimally combined data
2026-01-25T03:17:13	collect.generate_metrics	INFO    	Calculating z-statistic maps
2026-01-25T03:17:13	collect.generate_metrics	INFO    	Calculating F-statistic maps
2026-01-25T03:17:18	collect.generate_metrics	INFO    	Thresholding z-statistic maps
2026-01-25T03:17:19	collect.generate_metrics	INFO    	Calculating T2* F-statistic maps
2026-01-25T03:17:20	collect.generate_metrics	INFO    	Calculating S0 F-statistic maps
2026-01-25T03:17:21	collect.generate_metrics	INFO    	Counting significant voxels in T2* F-statistic maps
2026-01-25T03:17:21	collect.generate_metrics	INFO    	Counting significant voxels in S0 F-statistic maps
2026-01-25T03:17:21	collect.generate_metrics	INFO    	Thresholding optimal combination beta maps to match T2* F-statistic maps
2026-01-25T03:17:25	collect.generate_metrics	INFO    	Thresholding optimal combination beta maps to match S0 F-statistic maps
2026-01-25T03:17:27	collect.generate_metrics	INFO    	Calculating kappa and rho
2026-01-25T03:17:27	collect.generate_metrics	INFO    	Calculating variance explained
2026-01-25T03:17:27	collect.generate_metrics	INFO    	Calculating normalized variance explained
2026-01-25T03:17:27	collect.generate_metrics	INFO    	Calculating DSI between thresholded T2* F-statistic and optimal combination beta maps
2026-01-25T03:17:27	utils.dice        	WARNING 	11 of 22 components have empty maps, resulting in Dice values of 0. Please check your component table for dice columns with 0-values.
2026-01-25T03:17:27	collect.generate_metrics	INFO    	Calculating DSI between thresholded S0 F-statistic and optimal combination beta maps
2026-01-25T03:17:27	utils.dice        	WARNING 	5 of 22 components have empty maps, resulting in Dice values of 0. Please check your component table for dice columns with 0-values.
2026-01-25T03:17:27	collect.generate_metrics	INFO    	Calculating signal-noise t-statistics
2026-01-25T03:17:27	collect.generate_metrics	INFO    	Counting significant noise voxels from z-statistic maps
2026-01-25T03:17:27	collect.generate_metrics	INFO    	Calculating decision table score
2026-01-25T03:17:29	pca.tedpca      	INFO    	Selected 22 components with 40.25% normalized variance explained using aic dimensionality estimate
2026-01-25T03:27:29	ica.r_ica       	INFO    	The DBSCAN clustering algorithm was used for clustering components across different runs
2026-01-25T03:27:29	ica.r_ica       	INFO    	RobustICA with 50 robust runs and seed 42 was used. 16 components identified. The mean Index Quality is 0.886866219998018.
2026-01-25T03:27:29	ica.r_ica       	INFO    	The DBSCAN clustering algorithm detected outliers when clustering components for different runs. These outliers are excluded when calculating the index quality and the mixing matrix to maximise the robustness of the decomposition.
2026-01-25T03:27:45	collect.generate_metrics	INFO    	Calculating weight maps
2026-01-25T03:27:46	collect.generate_metrics	INFO    	Calculating parameter estimate maps for optimally combined data
2026-01-25T03:27:48	collect.generate_metrics	INFO    	Calculating z-statistic maps
2026-01-25T03:27:48	collect.generate_metrics	INFO    	Calculating F-statistic maps
2026-01-25T03:27:54	collect.generate_metrics	INFO    	Thresholding z-statistic maps
2026-01-25T03:27:55	collect.generate_metrics	INFO    	Calculating T2* F-statistic maps
2026-01-25T03:27:56	collect.generate_metrics	INFO    	Calculating S0 F-statistic maps
2026-01-25T03:27:56	collect.generate_metrics	INFO    	Counting significant voxels in T2* F-statistic maps
2026-01-25T03:27:56	collect.generate_metrics	INFO    	Counting significant voxels in S0 F-statistic maps
2026-01-25T03:27:56	collect.generate_metrics	INFO    	Thresholding optimal combination beta maps to match T2* F-statistic maps
2026-01-25T03:28:01	collect.generate_metrics	INFO    	Thresholding optimal combination beta maps to match S0 F-statistic maps
2026-01-25T03:28:05	collect.generate_metrics	INFO    	Calculating kappa and rho
2026-01-25T03:28:05	collect.generate_metrics	INFO    	Calculating variance explained
2026-01-25T03:28:05	collect.generate_metrics	INFO    	Calculating normalized variance explained
2026-01-25T03:28:05	collect.generate_metrics	INFO    	Calculating DSI between thresholded T2* F-statistic and optimal combination beta maps
2026-01-25T03:28:05	utils.dice        	WARNING 	5 of 16 components have empty maps, resulting in Dice values of 0. Please check your component table for dice columns with 0-values.
2026-01-25T03:28:05	collect.generate_metrics	INFO    	Calculating DSI between thresholded S0 F-statistic and optimal combination beta maps
2026-01-25T03:28:05	utils.dice        	WARNING 	4 of 16 components have empty maps, resulting in Dice values of 0. Please check your component table for dice columns with 0-values.
2026-01-25T03:28:05	collect.generate_metrics	INFO    	Calculating signal-noise t-statistics
2026-01-25T03:28:05	collect.generate_metrics	INFO    	Calculating external regressor fits. Fits all external nuisance regressors to a single model using an F statistic
2026-01-25T03:28:05	external.fit_regressors	INFO    	External regressors fit for nuisance includes detrending with 2 Legendre Polynomial regressors.
2026-01-25T03:28:05	external.fit_mixing_to_regressors	INFO    	Running fit_mixing_to_regressors for nuisance
2026-01-25T03:28:05	external.fit_mixing_to_regressors	INFO    	ICA matrix has 190 time points and 16 components
2026-01-25T03:28:05	external.build_fstat_regressor_models	INFO    	Size for base regressor model for nuisance: (190, 2)
2026-01-25T03:28:05	external.build_fstat_regressor_models	INFO    	Size for full regressor model for nuisance: (190, 28)
2026-01-25T03:28:05	external.build_fstat_regressor_models	INFO    	Regressors in full model for nuisance: ['baseline 0', 'baseline 1', 'cosine00', 'cosine01', 'cosine02', 'cosine03', 'cosine04', 'csf', 'csf_power2', 'framewise_displacement', 'rot_x', 'rot_x_power2', 'rot_y', 'rot_y_power2', 'rot_z', 'rot_z_power2', 'trans_x', 'trans_x_derivative1', 'trans_x_derivative1_power2', 'trans_x_power2', 'trans_y', 'trans_y_derivative1', 'trans_y_derivative1_power2', 'trans_y_power2', 'trans_z', 'trans_z_derivative1', 'trans_z_derivative1_power2', 'trans_z_power2']
2026-01-25T03:28:05	tedana.tedana_workflow	INFO    	Selecting components from ICA results
2026-01-25T03:28:05	tedica.automatic_selection	INFO    	Performing ICA component selection with tree: code/tedana_decision_tree.json
2026-01-25T03:28:05	selection_nodes.manual_classify	INFO    	Step 0: manual_classify: Set all to unclassified 
2026-01-25T03:28:05	selection_utils.comptable_classification_changer	INFO    	Step 0: No components fit criterion False to change classification
2026-01-25T03:28:05	selection_utils.log_decision_tree_step	INFO    	Step 0: manual_classify applied to 16 components. 16 True -> unclassified. 0 False -> nochange.
2026-01-25T03:28:05	selection_nodes.manual_classify	INFO    	Step 0: manual_classify component classification tags are cleared
2026-01-25T03:28:05	selection_utils.log_classification_counts	INFO    	Step 0: Total component classifications: 16 unclassified
2026-01-25T03:28:05	selection_nodes.dec_left_op_right	INFO    	Step 1: left_op_right: rejected if rho>kappa, else nochange
2026-01-25T03:28:05	selection_utils.log_decision_tree_step	INFO    	Step 1: left_op_right applied to 16 components. 2 True -> rejected. 14 False -> nochange.
2026-01-25T03:28:05	selection_utils.log_classification_counts	INFO    	Step 1: Total component classifications: 2 rejected, 14 unclassified
2026-01-25T03:28:05	selection_nodes.dec_left_op_right	INFO    	Step 2: left_op_right: rejected if ['countsigFS0>countsigFT2 & countsigFT2>0'], else nochange
2026-01-25T03:28:05	selection_utils.log_decision_tree_step	INFO    	Step 2: left_op_right applied to 16 components. 1 True -> rejected. 15 False -> nochange.
2026-01-25T03:28:05	selection_utils.log_classification_counts	INFO    	Step 2: Total component classifications: 3 rejected, 13 unclassified
2026-01-25T03:28:05	selection_nodes.calc_median 	INFO    	Step 3: calc_median: Median(median_varex)
2026-01-25T03:28:05	selection_utils.log_decision_tree_step	INFO    	Step 3: calc_median calculated: median_varex=1.4641006649640613
2026-01-25T03:28:05	selection_utils.log_classification_counts	INFO    	Step 3: Total component classifications: 3 rejected, 13 unclassified
2026-01-25T03:28:05	selection_nodes.dec_left_op_right	INFO    	Step 4: left_op_right: rejected if ['dice_FS0>dice_FT2 & variance explained>1.46'], else nochange
2026-01-25T03:28:05	selection_utils.comptable_classification_changer	INFO    	Step 4: No components fit criterion True to change classification
2026-01-25T03:28:05	selection_utils.log_decision_tree_step	INFO    	Step 4: left_op_right applied to 16 components. 0 True -> rejected. 16 False -> nochange.
2026-01-25T03:28:05	selection_utils.log_classification_counts	INFO    	Step 4: Total component classifications: 3 rejected, 13 unclassified
2026-01-25T03:28:05	selection_nodes.dec_left_op_right	INFO    	Step 5: left_op_right: rejected if ['0>signal-noise_t & variance explained>1.46'], else nochange
2026-01-25T03:28:05	selection_utils.log_decision_tree_step	INFO    	Step 5: left_op_right applied to 16 components. 3 True -> rejected. 13 False -> nochange.
2026-01-25T03:28:05	selection_utils.log_classification_counts	INFO    	Step 5: Total component classifications: 6 rejected, 10 unclassified
2026-01-25T03:28:05	selection_nodes.calc_kappa_elbow	INFO    	Step 6: calc_kappa_elbow: Calc Kappa Elbow
2026-01-25T03:28:05	selection_utils.kappa_elbow_kundu	INFO    	Calculating kappa elbow based on min of all and nonsig components.
2026-01-25T03:28:05	selection_utils.log_decision_tree_step	INFO    	Step 6: calc_kappa_elbow calculated: kappa_elbow_kundu=31.747579355159917, kappa_allcomps_elbow=31.747579355159917, kappa_nonsig_elbow=31.747579355159917, varex_upper_p=4.349922362763701
2026-01-25T03:28:05	selection_utils.log_classification_counts	INFO    	Step 6: Total component classifications: 6 rejected, 10 unclassified
2026-01-25T03:28:05	selection_nodes.calc_rho_elbow	INFO    	Step 7: calc_rho_elbow: Calc Rho Elbow
2026-01-25T03:28:05	selection_utils.log_decision_tree_step	INFO    	Step 7: calc_rho_elbow calculated: rho_elbow_liberal=23.593308197235906, rho_allcomps_elbow=23.593308197235906, rho_unclassified_elbow=23.593308197235906, elbow_f05=18.512820512820497
2026-01-25T03:28:05	selection_utils.log_classification_counts	INFO    	Step 7: Total component classifications: 6 rejected, 10 unclassified
2026-01-25T03:28:05	selection_nodes.dec_left_op_right	INFO    	Step 8: left_op_right: provisionalaccept if kappa>=31.75, else provisionalreject
2026-01-25T03:28:05	selection_utils.log_decision_tree_step	INFO    	Step 8: left_op_right applied to 10 components. 4 True -> provisionalaccept. 6 False -> provisionalreject.
2026-01-25T03:28:05	selection_utils.log_classification_counts	INFO    	Step 8: Total component classifications: 4 provisionalaccept, 6 provisionalreject, 6 rejected
2026-01-25T03:28:05	selection_nodes.dec_left_op_right	INFO    	Step 9: left_op_right: provisionalreject if rho>23.59, else nochange
2026-01-25T03:28:05	selection_utils.log_decision_tree_step	INFO    	Step 9: left_op_right applied to 10 components. 1 True -> provisionalreject. 9 False -> nochange.
2026-01-25T03:28:05	selection_utils.log_classification_counts	INFO    	Step 9: Total component classifications: 3 provisionalaccept, 7 provisionalreject, 6 rejected
2026-01-25T03:28:05	selection_nodes.dec_left_op_right	INFO    	Step 10: left_op_right: provisionalaccept if ['kappa>2*rho & kappa>31.75'], else nochange
2026-01-25T03:28:05	selection_nodes.dec_left_op_right	INFO    	Step 10: left_op_right If kappa>elbow and kappa>2*rho accept even if rho>elbow
2026-01-25T03:28:05	selection_utils.log_decision_tree_step	INFO    	Step 10: left_op_right applied to 7 components. 1 True -> provisionalaccept. 6 False -> nochange.
2026-01-25T03:28:05	selection_utils.log_classification_counts	INFO    	Step 10: Total component classifications: 4 provisionalaccept, 6 provisionalreject, 6 rejected
2026-01-25T03:28:05	selection_nodes.dec_left_op_right	INFO    	Step 11: left_op_right: rejected if ['pval nuisance model<0.05 & R2stat nuisance model>0.5'], else nochange
2026-01-25T03:28:05	selection_nodes.dec_left_op_right	INFO    	Step 11: left_op_right If external regressors fit with p<0.05 and model R2>0.5 of the variance, then reject.
2026-01-25T03:28:05	selection_utils.log_decision_tree_step	INFO    	Step 11: left_op_right applied to 16 components. 7 True -> rejected. 9 False -> nochange.
2026-01-25T03:28:05	selection_utils.log_classification_counts	INFO    	Step 11: Total component classifications: 3 provisionalaccept, 2 provisionalreject, 11 rejected
2026-01-25T03:28:05	selection_nodes.dec_variance_lessthan_thresholds	INFO    	Step 12: variance_lt_thresholds: accepted if variance explained<0.1. All variance<1.0, else nochange
2026-01-25T03:28:05	selection_utils.comptable_classification_changer	INFO    	Step 12: No components fit criterion True to change classification
2026-01-25T03:28:05	selection_utils.log_decision_tree_step	INFO    	Step 12: variance_lt_thresholds applied to 2 components. 0 True -> accepted. 2 False -> nochange.
2026-01-25T03:28:05	selection_utils.log_classification_counts	INFO    	Step 12: Total component classifications: 3 provisionalaccept, 2 provisionalreject, 11 rejected
2026-01-25T03:28:05	selection_nodes.manual_classify	INFO    	Step 13: manual_classify: Set provisionalaccept to accepted 
2026-01-25T03:28:05	selection_utils.comptable_classification_changer	INFO    	Step 13: No components fit criterion False to change classification
2026-01-25T03:28:05	selection_utils.log_decision_tree_step	INFO    	Step 13: manual_classify applied to 3 components. 3 True -> accepted. 0 False -> nochange.
2026-01-25T03:28:05	selection_utils.log_classification_counts	INFO    	Step 13: Total component classifications: 3 accepted, 2 provisionalreject, 11 rejected
2026-01-25T03:28:05	selection_nodes.manual_classify	INFO    	Step 14: manual_classify: Set ['provisionalreject', 'unclassified'] to rejected 
2026-01-25T03:28:05	selection_utils.comptable_classification_changer	INFO    	Step 14: No components fit criterion False to change classification
2026-01-25T03:28:05	selection_utils.log_decision_tree_step	INFO    	Step 14: manual_classify applied to 2 components. 2 True -> rejected. 0 False -> nochange.
2026-01-25T03:28:05	selection_utils.log_classification_counts	INFO    	Step 14: Total component classifications: 3 accepted, 13 rejected
2026-01-25T03:28:10	io.denoise_ts  	INFO    	Variance explained by decomposition: 59.85%
2026-01-25T03:30:19	io.write_split_ts	INFO    	Writing denoised time series: /lustre10/scratch/bpinsard/emotion-videos.tedana/sub-02/ses-006/func/sub-02_ses-006_task-emotion_run-01_desc-denoised_bold.nii.gz
2026-01-25T03:30:32	io.writeresults	INFO    	Writing full ICA coefficient feature set: /lustre10/scratch/bpinsard/emotion-videos.tedana/sub-02/ses-006/func/sub-02_ses-006_task-emotion_run-01_desc-ICA_components.nii.gz
2026-01-25T03:30:33	io.writeresults	INFO    	Writing denoised ICA coefficient feature set: /lustre10/scratch/bpinsard/emotion-videos.tedana/sub-02/ses-006/func/sub-02_ses-006_task-emotion_run-01_desc-ICAAccepted_components.nii.gz
2026-01-25T03:30:36	io.writeresults	INFO    	Writing Z-normalized spatial component maps: /lustre10/scratch/bpinsard/emotion-videos.tedana/sub-02/ses-006/func/sub-02_ses-006_task-emotion_run-01_desc-ICAAccepted_stat-z_components.nii.gz
2026-01-25T03:30:36	tedana.tedana_workflow	INFO    	Making figures folder with static component maps and timecourse plots.
2026-01-25T03:30:38	io.denoise_ts  	INFO    	Variance explained by decomposition: 59.85%
2026-01-25T03:31:39	tedana.tedana_workflow	INFO    	Generating dynamic report
2026-01-25T03:31:39	html_report._update_template_bokeh	INFO    	Checking for adaptive mask: sub-02_ses-006_task-emotion_run-01_adaptive_mask.svg, exists: True
2026-01-25T03:31:39	html_report._update_template_bokeh	INFO    	T2* files exist: True
2026-01-25T03:31:39	html_report._update_template_bokeh	INFO    	S0 files exist: True
2026-01-25T03:31:39	html_report._update_template_bokeh	INFO    	RMSE files exist: True
2026-01-25T03:31:39	html_report._update_template_bokeh	INFO    	External regressors exist: True
2026-01-25T03:31:39	tedana.tedana_workflow	INFO    	Workflow completed
2026-01-25T03:31:39	utils.log_newsletter_info	INFO    	Don't forget to subscribe to the tedana newsletter for updates! This is a very low volume email list.
2026-01-25T03:31:39	utils.log_newsletter_info	INFO    	https://groups.google.com/g/tedana-newsletter
