ICA_00	ICA_01	ICA_02	ICA_03	ICA_04	ICA_05	ICA_06	ICA_07	ICA_08	ICA_09	ICA_10
-1.641400440276759	1.539370573045506	-1.499585990710563	2.811951518268525	-1.5182483710148567	0.10041886267266925	0.4555935652294751	-2.2964073885506107	-0.13333213558596693	0.7399661079189132	-0.8596413219464009
-0.49182816469703594	1.5776752529815015	-1.0094766829822732	2.8163557048565457	-0.5907052165543278	-0.26818504875839305	0.2693095849101435	-1.4148342151947724	-0.04503615591292065	0.07936364564232079	-0.5899736327962319
0.05322786893107377	-0.506423521936407	-0.1770835545506708	-2.016760155325543	0.3327944529540635	-0.38287043109487895	-0.1215176724994792	-0.7761746957727862	1.064309666678894	-0.913360987292288	1.9701983771555003
-1.3137713322931546	-0.7349258550302095	0.12359091919927634	-0.21922489278757323	0.9088226374021252	0.28490971515215147	-0.38897694184755943	-1.419690782064163	0.7437282577056661	0.41446833148652146	3.4203744248906744
-0.7522866049313858	0.9371205336845111	1.2960203749870136	1.425840906159118	1.445286057097839	0.6651121463603967	1.167305441203808	1.2934773694675334	0.6123057258779021	0.7162351443091244	2.3370460663620687
-1.3804189699099065	-1.3777555482649573	1.8762594753869775	0.343544410318041	0.3223861746521213	0.5418782123650017	1.8907979203444927	1.5307701503769582	-0.7056684334376596	1.8893956895621111	2.053441835848806
-1.084930941401963	-1.8725649909036521	1.8214351417958226	-1.4261554030869699	0.21988739350354694	0.07379523036488837	0.1355691895923791	1.1251503681792419	-0.8425548487487885	0.8156441055217929	0.5628631002066501
-0.7997100604505782	-0.6548885188196656	1.0081004673715057	-0.055497261942995604	0.2679929214035014	-1.407022291083013	-1.486138240063849	0.57125644429588	0.68168353269651	0.1869831305953724	-0.4089364847731929
0.023329347320579657	-0.36409890561075053	0.5356887086344823	-1.4998525483304221	0.2837445771086453	-1.4719165299844785	-1.0260702857963717	1.1288055128881225	0.8269091371833602	-0.23010858921416158	-0.18826929420248328
0.42249212493644106	0.8115114363544373	0.5879972029714327	0.4833205516839659	0.004237905874374761	-1.7821081800210248	-1.2436875584168499	1.5325891717531495	2.1987999465792254	0.6560388702956123	-0.21254000944102378
-0.043552797452353804	0.7309335683274536	0.07658865836436983	-1.2555837708833824	-0.9115868471166846	-1.7362437964465687	-0.3771067232277439	1.6341773819760042	1.0157046093967599	0.276156244615354	-0.7567657144082292
-0.9135613043819879	1.6587626080840863	-0.6205354554336625	0.58129675996177	-1.6138058769475276	-0.9009708200024346	-1.085328424010423	1.154687238388016	1.069805654302147	0.4629703788314601	-1.1142485615191053
-0.6829433914130959	1.674760994575133	-0.9806691401003905	-0.14363153720797248	-1.71046498237932	0.46625002986077146	-0.446189098865321	0.22962045499305292	-0.07610424909668241	-0.025336017234081794	-1.4078042150102814
-0.5469695207445107	1.2140182029046147	-1.418127480508562	-0.4736716387159027	-0.528406812570231	1.4916803475717313	-1.001449175101098	0.5032241241841129	0.41635104384022903	0.37697603770860694	-0.7042431850104554
0.2545404876137645	1.5896939906921574	-2.1414693786604198	0.6841535919299019	1.2031478927049366	1.9476726693806463	0.4258057868779244	0.7895991540938245	0.5327834714282681	0.3033765132022124	-3.107345886611337
0.8604004182541068	0.40476502052780267	-2.4393132151521906	-0.14627585434319337	1.4502404521319088	1.0130845672447542	2.190990133168219	0.7625516780166282	-0.05420002451442483	0.42888416043880095	-2.7412333111629303
1.016508432748904	0.0980772958416406	-1.3524933394189695	-0.8438411136879226	0.24938360465203527	0.4942916190026955	2.049079679946222	0.8861266910727136	-0.15842022697444466	0.5724721320604762	-1.7797258019822575
1.382333422523339	-1.4419801041151177	-1.387678699738007	-0.05043282289613603	-0.2748144360630896	0.4710232929261203	0.33581357776717863	0.9798968743000144	0.18313540248760757	1.183045098491824	-1.0532607296914511
1.5744935701243843	-1.0811035657951846	-1.8483738842652524	-1.130820150069231	0.42175767459351915	-0.4902278628962181	-1.1917504196246524	0.39959480215592275	-0.5766085728648079	1.3303781119556775	-0.8476401263372544
1.3165935236754407	-0.14692378745927692	-1.7785513827557142	-0.3992164248700173	0.6069605405129999	-1.9086025812520095	-0.8506470380495558	-0.532019993367846	-0.18793823978226612	0.7997307368241584	0.30868161686198037
0.49119514285839966	1.1962700598930713	-1.4530906934800978	0.15058086624129033	-0.9220793717824323	-1.9129322772355508	-0.5307406370316596	0.016425831430745476	0.28087626182253117	1.0373873883623688	0.6618341744479471
0.5951551126398854	1.7628966103408406	-0.3721079649235503	0.399390954536366	-1.6743943599615887	0.26304572118608976	-0.41929561635547763	-0.30068728560621255	-1.0859298253388554	0.09521655875051639	0.1681921802337605
-0.038118736443917105	2.405462733949028	0.34662189497997115	-0.8200987371989941	-0.3912144762265184	1.7578214163867825	-0.986193337579952	0.40406041413543775	-0.5170647535060703	0.023831188437529283	-0.08974125733006941
0.01629811480937624	1.6996422830827413	1.401535992583199	0.039252153504953646	0.9614236017550754	0.9596407386587882	-0.4797600506060847	1.305000835972658	-1.237308379667343	0.22512605458573662	-0.6396194711593889
-0.2708093304297146	1.5180334722883548	0.08402378570323829	0.6455093253615235	1.1354248728433993	0.34401842769017693	1.8379780848785379	1.4985059067618678	1.2649063927836859	0.8624006736546299	-0.3421342108866372
0.16153980381767102	-0.07695962997668877	0.2978682576898594	-0.8228872742543081	-0.6671321691987856	0.3810546136998218	1.1607669532598195	0.5775572724248271	0.3361189915972251	1.3080436012538184	-0.09109188252179996
0.26774107028015587	-0.6229296483103256	0.46377016306868124	-1.3938708154970767	-0.001253881845965138	1.0091786849344073	-0.11295095656304158	0.08934217885526326	-0.07508243774270609	0.11935346715091806	-0.6155315555259685
-0.5854756221403493	-0.243943923683412	0.8462307417413901	-1.2428283690993776	0.7969658379757094	-1.3506510978429496	-0.7929547417866293	0.21437093426097803	0.27983833170901534	-0.28124297592046543	-0.42003293267306646
-0.8527557053396029	-0.1425943499137467	0.991406700776333	0.20780936667405248	-0.9320932910678185	-1.7022812608205407	0.9024454836211826	0.8502445059703386	1.0379088220057393	-0.11959701930146335	0.2554520169200598
-0.8035716899330154	0.00232390323293408	1.0065544224756933	-1.4025806699343923	-1.3574539891113533	0.6925746400131119	-0.7532661647182429	0.971902209510433	0.5472742816811033	-0.23049998136323244	0.3785384266082784
-0.7598056526715184	0.7183442549870214	0.5316069477629611	-0.18537203991821716	0.41416715407228083	0.9570795159167963	-1.254106085692104	0.2989836409295582	-0.8958442088250276	0.608327054915377	1.0195269095084976
0.05948472008182663	1.3432081096669257	0.5446284505322129	-1.1839120879754117	1.8417935980948852	0.11326334962782938	0.3944663184344357	-1.0204832509824824	-0.2526748381967452	0.19847818048505744	0.3913697834039346
0.08296302617627348	0.8750952115088482	0.9253677937628713	-1.426349544221422	0.4803514120498051	-0.3409379538115417	2.2248420481560283	-0.8402667860628042	-0.9563271071077706	0.4742484234483811	1.0046821645632955
-0.06287334778547447	-1.270103983084373	-1.3459774588973428	0.45605807981179564	-1.3284076525284363	0.19333315816145838	1.1125244245309966	-0.6568413340700793	-0.44242571065024144	-1.6494364009991764	0.32353539397275566
0.19587247124931462	-0.06868210916639303	-0.03057127454774559	0.424404872617589	-1.6348186990509284	0.3792482229272586	1.495188412098521	0.6409902167949834	-0.4855284103472713	-0.7787526840074155	-0.3244616180582644
-0.5331111839696563	-0.3805748784735643	-1.1967071198792578	1.0941287394655859	-0.8145288998974131	1.549173651711067	0.173689027942649	-0.1719944413479869	0.2508470966715027	-0.4781814157849357	-0.6389071626506821
-0.8005582816685327	-0.35706684334272404	-0.8597167343036377	-0.055456486484537874	1.5542918513026047	0.5056510666932087	-0.6362555032180824	-1.3468815105188385	0.5485036315280877	-0.9311423301271201	0.43580951318226757
-0.39348224656278763	0.4933865797884885	-0.7408053869945301	1.0276243570416217	0.007892296143939073	-1.682072769430299	0.0005341034491805154	-1.1033909714146803	1.1792900921823644	0.05059510921287038	-0.15956447835772342
-0.4275959408749176	1.0179084075629936	-0.25503954022898745	0.32328418741782194	-1.353922139547359	0.35889993546174903	0.8293396453191674	-0.6626679929030502	-0.11497825236326777	-0.33899336390186907	-0.5266988608589516
-0.4412536625162666	-0.2861610052678781	0.17196878879986327	0.014518018041246195	-1.0021731234279858	0.9413023658902461	-0.4706122399923859	-0.7596307401653993	0.8978409304166772	-0.6590534233777902	-0.40508684395688627
0.20928868988059865	-0.1805959217975971	0.3859405282316854	-0.1638517180844293	0.627816192093057	1.328449353009847	-1.106858285045018	0.6089936502956799	0.30564277936977907	-1.283081277188311	-0.2053658306860122
1.7030564775778474	1.2514754044260306	0.5478854109338845	-0.031748060984057455	0.8811839935480837	-0.05317869275530335	1.3466673255580777	1.5810867337303742	-0.5526328649499985	-1.8171192186916485	-0.49371162425367676
1.443743935070939	0.3938030670032114	0.6751476090415477	-0.7254979175389333	-1.024807306991233	0.7498361952478658	-1.3292107536853526	0.7090461764566721	-1.4615500906707404	-1.7969294620465304	0.33855806900698454
2.0614589874591847	-1.6948340672695652	-0.9223446340873616	3.021302031308222	1.0601439296437205	0.3650474269423078	-1.071084327465461	0.3997741594983096	0.29667130498774913	-0.9660739445493433	0.7648797257299863
2.014594315057141	-0.40755757261312736	-1.7878707539397685	1.5880723418011171	0.6664897288866682	-0.4819043732134543	-1.0229292720658745	0.2242999415182548	-0.9114478849525546	-1.608956537304718	-0.7416997524161798
1.94496015038979	-0.8715865405298058	-1.0949617146253683	-1.1720709822889215	-0.7830612198664568	-1.3956202968807716	-0.09066498682999906	-0.16599639628630383	-1.4834647329259272	0.1601766360854944	-0.7245324694348719
0.6516763695226963	0.10805940815125865	-0.8611502055317336	-0.8041679440725056	1.1682037526823355	1.0160824467446736	-0.09058499393015725	-1.3611024914646253	-0.8697086962842684	0.16761824943410059	-1.400978847174272
0.09609140595247963	-0.25905665685282186	-0.9770292665032132	1.4244755959778974	0.3324647077257829	-0.8344211149209119	1.3881005659167909	-1.4841445407148248	-0.7722509038015327	0.4511509136754583	-1.7358857630134115
1.4867823435719139	-2.428170973457674	-1.1201010743221063	-1.3416428756965655	0.28344892312325115	0.8547189647017108	2.235613504124323	-0.6286461905704329	-0.5141860539280223	0.4596264364117698	-1.2419667935634848
1.2616368797793125	-2.045570480849304	-1.2831840526066522	-0.7494187832696182	-0.04490462490548049	0.8158873199060643	-0.6080074482481886	-0.83535469838091	-1.2457091591014597	0.09963438794529228	-2.111653937940504
0.4012300690116368	0.016950408515117515	-0.959057429634548	-0.29139738694597606	0.6198976438489331	-1.8924475033078783	-0.3713226393367119	-0.5513800467273765	-1.7633070751415039	0.3354640515647967	-0.2093931279221797
0.017908535202498244	-0.1703428099301932	-1.3014086702553553	-0.04035367839622841	-1.815794388987859	0.798721789420072	0.1935645707345392	0.023182305959586577	-1.0247655475967408	-0.39880183608328557	0.047072171978573885
0.46499669523488196	0.5705052428206632	-1.373511572402257	-0.9129337370972138	-1.1409129382944787	1.6626158293262898	-0.9271652893948473	-0.07201410683710266	-1.2550793274684855	-0.17642709531127082	-0.37277516883508666
-0.6742259421451086	0.41303915292156174	-0.9151148131175594	0.5696419823147599	0.8107272821726467	1.3879760357127942	-1.4888951028331503	-0.5232728335794609	0.03370430677772427	0.4656489033611639	0.455134882567504
-1.736044043745314	0.6436450365703196	-1.278261592666711	-0.8397646283942396	1.6957438845223556	0.5133903255806485	0.5804283337982621	-1.6623330596801449	1.871203126829101	0.12008493929407424	0.26821652750861247
-1.7938276533815347	-0.24922705638273576	-1.5643719754383234	-1.2323938627161017	0.37528710610703464	0.009357286476986823	1.9362269353169554	-1.9351013342261314	0.5179339716215213	-0.013441844636156868	0.6474677086916677
-1.8349648682561355	-0.8527396800140661	-0.5416907301152247	-1.5365935314529993	-0.7987291933659788	0.6548168073870508	0.6866447561246123	-0.5512864346781373	-0.2809809197693192	-0.12402237180857525	0.21676128809947534
-1.581588620678969	-1.6858884629759938	-0.08416949373482342	-0.12994285451491333	-0.10922605529387124	0.20279427243101017	-1.0264606468817343	0.24643317137208384	-0.7471437548449241	0.27143764695671097	0.17635143489448762
-1.2551032850305763	-0.46355871193078985	-0.7586685807251277	-0.8703078191552047	0.7343055887327671	-1.684529514624753	-1.5804233072583849	-0.02538309731717884	-0.5636638293284651	0.42807092588179046	0.45022481510072426
-0.2877685732900178	0.999051333016603	-0.7432563586694652	-0.8971021758493174	-0.33264510045888773	-2.241790623121891	-0.8791012805809582	-1.1387169907584045	0.3879395108674132	0.09922183393027952	1.0372872310812615
0.3397941883187217	0.7011254926181534	0.5424216100874815	0.24099005145067673	-1.9668000220109334	0.4256466969219633	0.12541314752408603	-0.5997872257706205	-0.728987081576833	0.20702613179400564	0.6855309584979272
-0.3361579211713088	-0.34451867774636585	-0.23553822576847835	-0.02012553098433768	-0.24548959089410757	1.4212909303104306	-1.254867976832052	-0.25227881676006914	1.0668331808831488	-0.08408743643966222	0.567783049559553
-0.14107278876950086	0.5485489954284591	-0.33362950980684647	-0.9657065500092695	1.4289487810960118	0.6729021347157658	-0.37764725728874304	-0.3768127482741872	-0.8178014058103729	-0.23269120466359564	0.9481577991939767
-0.5309393794374773	-0.18371475970621584	0.6306624552296064	-0.5881623400435942	0.19128375394328356	0.10803236202267483	2.244607845832638	0.29294014714503314	-1.8655117025297832	-0.10747820871022294	0.7878289337411266
-0.8235957400234992	-1.3376019605797262	0.24957303577480924	-0.3085648216867063	-0.9125455224288133	0.6756791816323673	-0.5789330796714892	0.5225824594899535	-1.3403276021055046	0.21963568176278792	0.48217180447434205
0.30096542957222805	-0.5647665615917272	0.07190251592270641	-0.34861240584638464	0.7462047477682356	-1.029176397129047	-1.1951174346207842	0.9762013909144944	0.143700681695358	0.30896487828181113	0.7523442964830362
0.7913253507196379	0.865197448770595	-0.39761680264818033	-0.7755409485104714	-0.27726833283806873	-1.7670469774417468	-0.021680838021733668	0.5348448555490309	-0.1445045486896228	0.61450530853203	1.44814283236593
1.8694250922435043	0.7808539190985657	0.3952067978362528	0.3778316208280878	-1.7498101964729904	1.2187858822768418	0.33138906567002985	-1.0304263244030438	0.3237484063438406	0.7504454216862139	1.3016135112053013
0.8014530878686948	-0.3323137178433762	-0.3458587748025496	1.2541075155242627	1.3171936162054165	1.4706752322931178	-0.11993167560653775	-1.6922246945338488	2.3920377904661154	0.5557116055911601	2.00083579859125
1.1852238519064975	0.6024746919039025	0.32377614669193955	0.19041370727918203	0.9600214515387189	-1.0576061732757747	0.6108733925965911	-0.5819293672990303	-0.5084739472827446	-2.0924974378652013	1.4075696671367073
1.7614367026127435	0.9770784728782955	0.8111564244591735	0.32870702873551166	-1.1273325025299985	-0.807439538548249	-0.37991830740828014	0.5591049696578068	1.084031011217491	-1.41793252413085	0.28535241204841216
1.9682069321091236	1.1060137483600003	1.7097886286109572	-0.10969845945061592	0.6307345892508514	0.7375245929920065	-0.5843092341808741	0.14411484391804577	-0.8584514698260912	-1.6366613840841735	1.0667717249205297
1.2524553877753128	0.2833578181961097	1.4432380331245864	0.5640563694845977	-1.7571979853519792	-0.5039567459170411	0.5442788761893756	-0.14756573326721395	1.6923045117009634	-2.1888117353783594	0.845828901771829
1.9336400151063278	-0.7422121368314668	0.9317015269583531	0.6119700663944022	0.7547767244579814	0.7151625206549329	-1.1783274820356902	-0.16585449355799467	2.1496394322591112	-1.7647882431754747	0.41862760215960454
2.4721364526766694	-0.20785688908077865	0.8911167946958107	1.017672529576556	-0.02664827123572386	-0.7430085686276015	1.0584480277892234	0.07035063133831011	3.2141705326652423	-1.3255247005291906	0.6725457568309888
1.7602603660515308	-0.9124478848842803	1.659966024803481	-1.716544347959252	-0.29984358098896857	1.0342338031150429	-1.0438331613779848	0.03452753345268752	1.9239468962611244	-0.5445054125754738	0.3257521476161661
1.30690776706147	1.1140375065080077	0.9249521988881849	-1.7050195346457908	1.3465439130689225	-0.5777938558512098	0.772759099921199	0.5741471024930763	0.3718627922943416	-0.24123782255287515	0.675763057592161
0.8162062254257311	-0.2874350843600159	1.3988875702447123	-0.30910631239525516	-1.5406390227224933	-0.07089731702686139	0.9496400695308211	-0.16135228443155256	-0.08685699873234715	0.41166771832361493	0.6793348240072999
-0.4882872172429836	-0.8580365123027341	1.423582383262556	-0.03896524385803027	0.14122700614167932	0.37505546865264566	-0.8798624902093417	0.3124391906246457	-0.479617781135514	1.0178504445402472	-0.621675350418026
-1.2135362571455934	-0.10722346748132715	1.0089835816857637	-0.7736157569851565	1.0580212541725613	-0.432839498997771	1.6714034165454486	0.8149600061921443	0.5107761309015004	0.49662737359958053	-0.31154378465257604
-0.9696803393608043	-0.6383791402725477	1.4653532952918027	-1.0389388486124589	-0.999170219215535	0.38713533067584077	1.0458617129511036	1.5433093531111812	-0.24177420415927398	0.4544859394965024	-0.29998159349520126
-1.1746210988388388	-1.0533137615166532	0.69911431569772	-0.248034075151513	0.22510433271064256	0.1630314191811431	-0.7630713235703622	1.1535433648453048	-0.960164165649237	0.6111600530590119	-0.49886408190330284
-1.5751442132205327	-0.5526956430045297	1.2984989726418685	-1.0989149388375883	0.4633195860473053	-1.8481039525073555	-1.14994338369967	0.6668414100705887	-0.9812362971607	0.9568802890793083	-0.5854996030510597
-1.290224388266875	0.10099701221067289	-0.20970720923756767	-1.096728769067278	-0.4705346804599118	-1.5859892430750335	0.9445636726427761	0.5010159969106223	-0.6793717300317124	0.01008335284090511	-0.577449318406859
-1.307960587174114	-0.1371468409716898	-0.809176400275121	-0.48465370959985876	-1.6313388408395566	-0.23832108665641036	-0.019284016448151215	-0.29060476317439865	0.633586023601925	0.09759778342425039	-0.32529625145903307
-1.1423907853036033	-1.097673506413621	-0.6713745121005422	-0.762270532300816	-0.5544937308003242	1.2920556388637203	-1.0263834438375579	-0.9188672145763205	1.7636069295777073	0.24351873875091232	-0.9014165458915585
-0.5466327232273048	0.022575317504547002	0.6505717640944186	0.21269759768417756	1.2232314756993978	0.5726727416808995	-1.112651602176461	-0.7276886530209175	-0.024509592823624637	0.9873487046903143	-1.1596217520058925
0.12962401834795223	0.6056012879901509	0.9052559992031687	-0.5445860185153303	1.2044652855461266	-0.1744050204048472	1.1095798232634695	-1.237237180429637	0.0941461034225864	1.5059969278271936	-1.8447127745359357
-0.21934822492792716	-1.9032900365004313	0.8772846168776914	3.524934411143394	-0.037467505636779724	0.2371662322800259	1.9558973273088212	-0.015054755904280017	-0.2588382181940181	0.741207605406218	-0.7076342084102725
-0.13079619388351274	-0.9263290371212834	0.6134477866740954	0.5222589170535312	-0.7686013204767248	-0.33309534777581	0.7636154662655933	0.4429813411380768	-0.4180371406769324	0.08066972236494989	-1.5816334676242039
0.38420483111072906	-0.32607392456691686	-0.041339799853970606	0.033418680626058586	-1.3643402188776224	0.5046480412761981	-0.06601522858914421	1.2531177900750303	0.437530634228977	-0.9926345514086559	-1.7486210326748384
0.037819382777511464	0.8519681288202979	0.24846576432807996	-0.5400624746920636	1.2154453557339948	1.1764954280403388	-0.604329116043951	1.5985225953979192	-0.8049558889569602	-1.0876212876595255	-0.914283604748842
-0.23112337506704214	1.1036095609989338	-0.3718329506062678	0.012457423029779828	-0.42621993434259625	-1.301910291121918	1.4181283460736613	0.07511014287312229	-0.26225065284832233	-0.8991242437560016	-1.4442015040130938
-0.26270614609535736	-0.8732733937603154	-0.3828322276922153	-1.1679340311816506	-1.6487343841211943	0.9384431137115185	-0.0920652661591889	-0.4824258053449997	1.115675928316986	-0.3697802254281297	-1.4829766126970867
-0.006763253793255221	-0.8491071134706702	-0.17441262768676696	-1.6876242651809885	0.6157611865237096	-1.0169347476960495	-0.9179109167396368	0.15150111920768075	1.3926582658811926	0.48877253793596376	-1.7113243294335414
-0.6944467069039754	0.6204215066703367	-0.6960297807100445	-0.48608148811363955	-1.7999660281355783	-0.39150714607236503	-0.044112924047422335	-1.231591222736687	0.783244379918686	0.8034737654721357	0.5204755329621688
-0.11534004977438787	0.03041978721791838	-0.4299225853969228	0.14808181373388563	0.5045192832125416	1.1463765754187516	-0.758617467718086	-0.7873775594980202	1.5720701033161029	1.136809572797955	1.3542042521125623
0.39075981704860024	-0.07982975816932276	-0.2629864144963161	-1.051168327763146	1.6744502353180637	0.020384552901200788	0.3885067807616939	-0.8529435686970287	2.1804476231089547	0.951099476961785	1.6894591357421758
0.6356522993994673	-0.05288588439191821	-0.3895500521286065	-1.2380141793194024	-0.07220863764032297	0.08681016907289184	2.18215082670475	-1.3670558096936296	1.6097183608119745	0.9663247359067461	2.6287485160455515
-0.19764174849651925	-1.0518808803612767	-1.0869567070902004	-1.8044836493046768	-0.4931432552893406	0.9460917341636952	0.42589333585138905	-1.1308362932592673	0.49512436951685507	0.6449904876919178	1.6849574427785448
-1.1718272585754657	-0.5075370537369359	-1.7439975212423566	-0.7038218039726837	1.1284062593783797	-1.0591169813853052	-0.6862382164041305	-0.4773424738376824	-0.1895040497432925	0.33378420058871183	1.2085294363888293
-0.6629665020005029	-0.22565648906220337	-1.3965689994953323	-0.9815519923971481	-0.48657408805885344	-2.0924074230536207	-0.2596435144760223	0.6623030721576066	0.8324768158660636	0.4669737784014201	0.1950836084802696
-0.9575075546205465	1.1242894552605367	-1.4426152568831871	-1.1778315676222704	-0.9153489011799227	0.8281470437900345	-1.0033528596625325	0.038274431032628266	0.6648472496099703	0.39233065034931985	0.08636298049009562
-1.072415068312568	1.217168957572807	-1.4837214360663022	-1.4725523971847136	1.5058032098548053	-0.05414651074610713	0.1816545716285482	-0.8480460463359051	-0.591691693654039	0.44124804311192894	-0.30656820798066686
-0.7166998744088842	0.17689898258916792	0.61836699538844	2.0142065190207274	0.15303550017955428	-0.5972480534530095	1.860280973076501	-0.9825258853197602	1.0367478075672656	2.2187909990766226	0.684703586962162
-0.6996159526634843	-1.6529140308856194	1.4650250388246244	-0.9997658450787409	-0.3027759812142176	0.8550895178842375	0.9023602378854236	-0.7342384698555346	0.3165742223992162	2.891358606035968	-0.6428033245427792
-1.0933526850383666	-1.0085626723378263	1.5825531004766427	-1.4764860885070918	0.6977907889760412	-0.46111078973580377	-1.3177396893871778	-1.4748380836181068	-0.6573647631988166	2.5933769272252754	0.033100479403016164
-0.8944998601452603	0.4854451182513141	0.6614470961437886	1.609924402955107	0.8262533218586442	-1.0827182427767235	-0.9329437942186288	-0.7570320018308148	-0.8749735961426486	1.503318134732298	-0.17247815270093608
-0.5950267675455558	-0.9340474462350358	0.3048676624468768	-0.3550075152459903	0.7587287221615407	-1.814143717792876	-0.6812500348544563	1.1806175893184097	0.5518342256161115	-0.857234619472468	-1.6250872823126816
-0.8749769326414731	0.28306854818415295	0.22826519997603403	0.48642171415995455	0.37503965621266877	-1.5558021238864088	0.3695654075770077	-0.0024108499018016104	-0.6660000355424712	0.1527197295406557	-2.1355389595280325
-1.581207231485397	0.11025701777889302	0.3916339290767161	1.0175025383051812	-1.517946188985112	-0.8404162636892148	-0.2193104981358783	-1.3706233296563037	-0.2544749213403828	0.5814462970956342	-1.5690073257414265
-1.9409686502164936	-0.601902098393557	0.9725197511249017	0.3937241127767913	0.35741942253478515	0.7933605027122679	-1.1471081025933303	-0.5764960361496618	-0.3491960500809111	0.8110840047678537	-1.4334342490249035
-1.3109202996750606	0.5836874117855584	1.0772356615988385	-0.3195862621527344	0.0721178644624216	-1.672317727932622	-0.0034813296293636207	0.5943413582997339	-0.5043193520008485	0.8075969756040965	-1.3756847083695825
-0.7641314025256216	0.24693307014983332	1.1983160435912241	1.1039549200314283	-1.6182185477572966	0.33573124143807026	-0.3785415408077726	0.8136059162282041	-0.9587762543739913	0.5833873644001776	-0.5491268914497639
0.22004297189019936	1.0534315194032948	1.6552790459870361	1.6418369420142571	1.0046509091420774	1.5756214144928222	-0.7477123079207287	1.4355283534929035	-0.8591605790510256	0.1745273363782981	-0.21069935470559048
-0.2435831780948166	0.6222424059884208	1.4291078381120115	1.8891869303552342	0.3827295256521202	-0.11147684378312217	1.1207395856839792	0.7434327766903761	0.6350066875745938	-0.1551658412788121	-1.1679959775735145
0.3172242411684348	0.19473617531184023	1.786687452028412	-1.610019132853009	-0.9105026251094827	0.9758256867052595	0.7969978414405506	0.6450958679750239	-1.3773192560585958	0.45535652327096515	-0.42308139527610505
0.5642779953317525	0.03404848744901226	2.1431903807874138	0.8123842498281819	0.6809476400352396	0.2824092039596329	-0.9272766696884933	0.33710595306652497	0.36986148393616	1.0207271135837068	-0.7248371151473088
1.2576556079599732	0.9690869271650177	2.0548511220462715	-0.7879628488885925	-0.6652489480675776	-1.6266983034610414	-0.2820862943491211	0.4595296354544315	0.4354455347410155	1.607274199663139	-0.30933073767081326
1.3274434050531865	1.8444435973791726	1.480583418628469	-0.6682650135391385	-1.2087380340030107	1.544460357708425	-1.1606697800569126	-1.2660455462940006	0.7584404256249342	1.195883318969091	-0.6263545080423971
0.5697672700215652	1.232111661395033	0.013779964488536094	-0.815286490079518	1.5049616675764257	1.417174061453858	-0.1166872255771641	-1.2023924242333905	0.43483888946206367	1.088148967402291	-0.8877391718060427
0.6793170818680977	-0.31956952136655403	0.40781859164990586	-1.2526813456058963	0.11573609378619432	0.4612939409292596	2.2441014414129072	0.48056754900483656	1.3090881993934267	0.751934337061751	-0.37620067465778717
0.7112477697506395	-1.043693355601381	0.25880874385694763	0.08026295721320847	-0.0929945800470086	1.3027187001179066	0.06302304694240644	0.8976580779925076	0.03545967563173771	1.4036232635548005	-0.535123340742507
0.11601858073715964	0.3004903580531953	-0.2731311761055095	-0.48286134768104194	0.4520509824495584	-1.502233816861673	-0.37270478697909987	1.018308107042465	-0.33307757193534077	1.2010296898223882	0.1814205899761145
0.4817757703812925	0.8803515357376324	-0.4036384112738599	-0.6671311259037365	-1.1093776095249828	1.0208127648828598	-0.20033843774549318	1.5007321948160728	-0.07089632505309823	0.6903184574397718	0.3680713729201131
0.6400777577121459	1.7100676959220011	-0.16230663779243806	1.4551373097828437	1.355645883726105	0.41172002934000984	1.469139504235892	1.085569385101395	0.23498847520846558	1.64954157419932	0.687697870059323
1.4258506235294623	-0.01905966665464443	0.08493685732334488	0.2270229964778624	-0.2166347471151673	0.6140594235689467	1.6122475054336263	1.3353313468365937	-0.7809962999748444	2.438801013649174	0.9435966570000776
1.532689095541739	-0.152735768721261	0.6712778504164081	-0.47733135781018154	0.3129953764079691	0.08003897847969024	-1.3383324480957461	-0.0448243992988441	0.18682878414907644	2.2945436991731545	0.32009264546693844
0.456400197723176	1.324702642172099	-0.5302452640491304	-0.5385498390901488	-0.6011412463243732	-1.7085299034715555	-0.0018456206229783062	0.6247233684235814	0.0019178064427087017	1.2906341000604031	2.1014296886979937
0.4012251818279968	-0.20687772719116082	-1.6757210607313582	0.9009025692481409	-1.4185744003381544	1.4621999116856672	-0.06668165732956724	2.18244670503657	-0.3742541506393394	0.8856427922972511	1.0553548537068849
-0.4615407720132166	-0.7368271135468449	-2.777079718822634	1.842188268936589	1.3802262693364038	0.2199831052265416	0.9815294472940955	2.510643829858279	0.44302812107765466	-0.06216762831980766	0.9270183118049656
-0.46714530457214687	-1.1246141769581524	-2.757801240265944	-0.5897069312107862	-1.1495885111573259	0.5127788719079581	-0.5191665815743158	2.413293578096635	-0.8758014290306217	-0.04667310907168433	0.9766090867223589
-0.06329785176320063	-1.6024580989082913	-1.134504217209796	3.0287862422765826	0.4528771396167337	0.23026009675623899	-1.1051184867670905	2.1469673005146688	-1.4484093038847905	1.1553243529289048	1.0697527670575566
-0.31743395305667793	0.241371775193401	-1.3300708247140562	1.4773814196276616	0.5747312547358004	-0.7512211354442158	-1.3210570860527744	1.51128552386267	-1.5109864995593272	-0.5304077241294874	0.7311811750863766
-0.5018016395060869	-1.0801077289214782	-0.40344623522523804	0.6681185157512604	1.3086485309081068	-0.1501257385329428	0.36523200111001675	-0.21116386777942814	-0.9312578715403069	0.26222234259977223	1.4607686888133773
-0.6271978028958325	-1.7003583967925378	0.6867543321656698	0.2920492675728437	-0.17799426333759075	1.0427700254692123	-0.4313726240616254	-0.6547906954018788	-0.051886630599377266	-0.6780664889504415	-0.36838402525635777
-1.3444024896219866	-1.8330426408181084	0.6212286718953942	0.3217448777538795	-0.9932035854528533	0.43211430208363383	0.366073698169298	-0.7496322230548533	0.9992717747461236	-1.3240622054978894	0.24060418067433492
-0.9692376405498598	-1.5353449824215568	0.512576848069476	0.34332916988582834	0.4467502077803457	-1.9030337700979423	0.5055485594312429	-0.29287099613169076	1.2166250623233335	-1.8520530674883529	-0.3912175661577082
-0.21932342564970986	-2.4400420993059813	0.1681860117236154	0.22580722644530696	-0.2825268326920374	0.8529634164374269	-0.39933736276821313	0.549503528501761	2.598738118652865	-1.8617707108266062	0.07788134719544665
-0.09280126402545011	-1.5597921493790181	0.26717538428082765	0.06642112549171508	0.005728920739565072	-1.2009588564735987	1.2972074514991105	1.3372360666262095	1.8571793537742387	-1.889936582143426	0.534815797038766
-0.29840357337238876	-1.038238174427721	0.7221821965920368	0.8102734537763249	0.9405152558270361	-0.29825603619327357	-0.6563027712164722	1.4314153541717227	0.45698374597641445	-1.4585664476628268	-0.22555372107407856
0.3539189533252491	0.5018199154712686	0.8479123123777088	0.6516742614461529	-1.484216127332043	0.11051927252259229	-0.9463973611159019	1.1803879314887866	0.7818953159545233	-0.7358507385547588	0.8829883813951727
-0.11403411736702562	0.4583097196731261	1.2957255026912498	-0.20378614540819834	1.2532994050568633	-0.31460868891712673	-0.012944724594719443	-1.2292415291135719	-0.6383285433140342	-0.8458714583333466	1.0473025135034213
-0.6246290811497626	-0.8569249268141291	0.1892553443377705	1.052953586824663	-0.7608910449837873	-0.9835771281204424	0.8810382518061247	-1.6091239919543994	0.6869744405970368	-0.15812690813194227	1.017184185045428
0.1631562561321595	-2.257093186031524	0.7653557908257173	1.1066478580057784	0.022049289501558194	0.05103064453300836	-0.5973081540316086	-0.19277549216317028	1.5361483977875696	0.17192725778652593	-0.07226942548706083
-0.7922097605468197	0.1169498877267694	-0.7405132204279848	0.8622560319983315	-1.5154760449834022	0.25746922722341137	-0.4341153244954698	0.12055684019484125	0.40577885918855233	-0.8262136373248423	1.419216117552112
-0.6222304437699381	0.6028405473301259	-0.8199861924555455	-0.181027650371944	1.3996374689765256	0.9889849207956828	0.12013674815531888	0.6666108465836976	-1.778415223280889	-1.0574625065255712	1.352420115862459
0.027010757652293313	-1.042829483436324	-0.9138196951581298	-0.6042042171107591	-0.5812975468426218	-0.23450861251086666	1.6015658760879572	0.8794189406919727	-1.3530560271670558	-0.7980065160838211	1.7478183902028002
0.3341741938335718	-0.7816336571541028	-0.7156760264506757	1.163652128233948	0.2952165598400383	-0.6294852930431827	-0.959016547217697	0.8014939874456918	-1.9076804775671663	0.8768228306940926	0.5283426174470679
-0.3038151370694872	0.3817021782913499	-1.178850004897236	0.28531858508371	-1.4786456294904287	-1.6688100115268634	0.477919867054246	-0.5258591723148015	-1.1574019177626964	0.6981780365849438	1.7084087244438841
-0.33461792161574316	0.753304112437103	-0.5963551199520803	-0.8626217083471464	-0.9432896358932074	1.4077855368704895	-1.0013542564778453	0.07848371289107599	-0.47266453017165355	0.43421750402002246	1.5491318712804598
-1.1517717342119662	1.4707051402823643	0.7680126296111134	-0.2250015243168978	1.3953547034230067	0.45555877175326437	1.278232567118012	0.9067830634000099	-1.4334144980504975	-0.021797764395841294	0.8848167951766647
-1.798896393059757	0.9637238452571214	0.7347517137142859	0.4218938644168309	-0.2709513176555433	-0.7048558623119043	1.3809688389277168	-0.27136906944056277	-1.8418497589113758	-1.4355862441900888	-0.5975098871076466
-0.9784549602872104	0.26872785868481613	0.31393493128172734	1.0718537016494054	-1.5719453296552095	-0.1026981334683316	-0.7792630443807751	-0.3216039941764668	0.25407133149004585	-1.3276834971642615	-0.34340195630208487
-0.6718304703247602	1.1706858623930976	0.14348341082335053	0.14515591150373486	1.369433651592906	1.254799718084868	0.2773041219918542	-0.7719349432131818	-1.172518890887304	-1.6410872836205836	-1.0006808757937533
-0.5878622844830547	0.31285043236718735	-0.09381646846801654	0.7055493305832811	-0.6734293483358674	-0.628963724926238	1.728493970530577	-1.7896875325826658	-1.6384980685889368	-1.1478333659610014	-0.011999227413359593
-0.6755988320226196	-2.2202415079832014	0.6703427223745063	0.04447405884892148	-0.41754216908793507	0.6275502338793962	-0.7937921057048395	-1.5363266242758264	-0.20095441278380027	-0.6857635321164154	-0.3370719827081687
-0.860901903068159	-0.5116164807234785	0.6144416927209281	0.07182986438131532	1.3693755330139576	0.018893888846504288	-1.1666294073628327	-0.9155748472335826	-0.503531689776993	-0.6472071152810212	0.28792225854947096
-0.9232803587492188	-0.11331508191983511	1.1048056990744448	0.10298598714528968	-0.7167186261871803	-0.8988771156105461	0.8117084035548363	-0.4022451391540538	0.09412383458173978	-1.216706668527282	-0.2130639784644782
-1.010932779342655	-0.2670475982363367	1.1604957609619306	0.8132304944630202	0.48665118790157014	1.3938463960432041	-0.434605240769218	-0.28809523098872947	0.5695554183863282	-0.996587290614071	-0.3602609362138187
-0.09731288228663325	-0.16565010187852522	0.47086052636943676	0.5265656785663417	1.7683270002065818	-0.09029579657832937	0.5247700989799906	-0.13226748521092085	0.2779454539931287	-1.1594533251434829	-1.3158962355797275
0.24699896306582592	-1.3244702430716222	0.852725269831769	0.004659170590988482	-0.4565050258748155	0.3123002935661285	1.6303895499032715	0.25476053422749995	0.3448126759864839	-1.070995441621625	-1.0540900291219246
-0.4150986165594649	0.3673258816287931	0.34476570295284176	0.12829811976083227	0.6856729853849365	-1.2997253105464146	-0.31060456267187775	-1.0491152324725586	-1.2071256830434414	-0.8208841940181182	-0.6892952931002353
-0.09999589352502461	0.35057599739120376	-0.09598518393111073	0.2500899516652145	-1.8603433499426878	0.5590701265587369	0.18965159882304763	-1.6439346961998962	-1.4746183086144102	-1.0252452120240432	0.07679787294275116
0.5248014284309697	-0.2612884088004923	0.5087900963006243	-0.07791299490591534	1.365947930667083	0.8784865151477264	-0.7189581154947918	-1.2585717078290375	-0.8509348016360438	-0.8782401743004467	-0.5519142852876873
0.790088089756762	-0.5775514053599564	0.4454184915931234	-0.5354536682219123	-0.9280198537902652	0.8012914410178593	1.1928809430840674	-1.1049300706519198	-0.12026185382140392	-0.8530892440453659	-0.4016306675104487
-0.43099400467515664	-0.5230709787147904	-0.120890084290025	-0.6766215410525652	-0.04506832642113712	-0.8699207644401714	1.7631636863119158	-1.0013320095672087	0.6053770856590939	-1.388302183318758	-0.3481628447059718
0.1959718144800807	-1.1068358513350947	-0.5473913019411486	-0.2597546202895355	0.3387087145035839	0.7013066165271162	-0.5878417197283489	0.09953277455281542	-0.38876005767708977	-1.3780544614455554	-0.7627448925857802
0.7953879803973706	-0.9490706188915059	-0.19831029595805483	0.860294407672709	-1.1526679977210665	-1.1915510052455027	0.926978765427352	1.0997642080215626	1.102252430346319	-1.0799384776586876	0.008940347195799588
0.9444069587409722	-0.46383577121088676	-1.0525760567427362	1.0517914097698657	1.1498960248773413	-0.29235599513801885	0.9514643267532322	0.861125572948599	2.422440972244582	-0.712274799859793	-0.17373902645431996
1.9089614004509459	-1.483122461052325	-1.1976625643249423	-0.8600374663964703	-0.2614868850121625	0.42808000176924904	-0.5005872622194064	0.562851883557831	1.2185405495632338	0.12499890698033822	0.39870827180564994
2.417313179240572	0.4124016728137199	-0.8024752715973282	0.9152513102667051	1.2509006992053853	-0.9003441302347827	1.1469976211956052	0.4054516134379866	0.0022842346393713558	0.6164132257259876	0.2684250613418088
2.431605745535312	-0.6586785117134786	0.7643233387335546	-1.396308502341502	-0.6730125516439814	0.3874916940454642	-0.5228614162972773	-0.25260309294959515	-1.1976165287078568	1.8574393755383871	-0.45500536755622367
2.2022867871417366	0.9059608611023283	-0.37056008657229883	0.07986690730602584	1.4451669491174237	-0.6247842972862523	-0.4910401282742793	-1.1926517838862558	-0.7461583093520291	0.6917281191173678	-0.1049022645607587
1.8988757973063208	0.34038481843742113	-0.40413722661970314	-0.04762076443987798	-1.442072616625986	-1.0275461718381904	0.9847022700411734	-1.034432129455182	-2.022331586713399	0.8675568639381551	0.15899073047021806
1.6795503719010334	-0.2220246349306482	-0.3078883618237216	0.15961244514159864	-0.7975642825159261	0.516211211459803	-1.2523364827737933	-1.3877652562553162	-0.19095650905966147	0.8469801072767108	-0.9305739120239156
1.615931396372705	-1.0877844314554315	2.2959224925184607	2.2016633966970915	1.311194620601712	-0.26535072729248316	-0.7276972162693145	-1.101163322793282	-2.2072753651469696	0.7474337831238544	-0.5929638851416247
1.5010611688682345	0.7806114019201716	-0.7936941534332792	0.47927386210688183	0.6088570737071849	-1.3309310027959649	-1.2914029123062	-1.1804214025331292	-1.4441906281121426	-1.6729720894014044	-0.8497534321147008
1.1203702427245936	0.23358645087924562	-0.077351159256429	1.7202981746599244	1.0026381690867388	-1.3507739633493219	-1.584412515805888	-1.8232068371668215	-1.0635811326518636	0.08224939690713312	0.026496138449600432
1.6478666707055143	0.9408591789753817	0.2509588162506869	0.4908577531346996	-1.1220983941694456	-1.3485150566806263	0.7649593759812205	-1.5197778004533526	-0.6194215075310263	-0.5436549815197852	-0.4167965023856683
-0.2115469447647481	-0.4656611327731382	0.6089516808877773	0.4267340712458999	-0.9236991430477718	0.3970748833356723	-0.665391473665579	-1.552130816060049	0.2006611737627735	0.141441462693866	0.328048989976439
0.42785657392418486	0.43972077163531315	-0.2900869126165573	0.42343916146950766	-0.4637247031507387	0.9307567553978375	-1.2390563390331275	-0.9470865003389878	-0.6998771577746343	-0.802636347493993	0.44619741076013225
-0.025695485617072022	-0.11347633831260301	-0.2606701894710654	0.19470575349653854	1.061157273569367	1.0177963166517385	-1.3583399256139719	1.1168290778474135	1.121665062206946	-1.8852827659088767	0.47123007452594073
-0.36729694337277985	1.8248358781707568	0.32996578752994604	-0.0430191857170678	-0.7815450352905942	-1.5168360135247847	-0.526480031324088	2.709757325910473	1.0130378376770741	-1.2539606829321766	0.45825378422524843
-1.252706353872652	2.271326310789276	0.21405089720440068	1.0517641937947075	-1.0964661225523935	1.3318078432287923	-0.9072389665231952	0.23306017171784757	0.2351661402422096	-0.9660679237184362	0.8478337974327652
-1.2365280123716471	0.825542229262642	0.24009529001499638	1.0647779907128665	0.4048729662054873	1.4757983059146496	-1.8410497755050081	-0.40575290246407125	0.23383890967026508	0.36618049773839073	1.4904855650358664
-0.49655416829686855	1.3850784793498394	-0.7804654110354228	-0.0948087925640852	1.6124870137163954	1.2150146840751095	0.023244999144350437	0.5963537184232707	0.8716343164842926	-0.7252322035065949	0.23201054197197665
-0.8475043748976985	1.89783405997377	-0.9747001699716449	0.42508972451916105	1.2535065041458064	0.18761679626822184	-0.29396532194536706	1.1837583462598298	-0.23970924323248366	-0.6862235181770293	0.4099596452675486
-0.738207231183468	1.6710592831055768	-0.1203513487099693	-0.9190997087314691	1.3901351263129202	-0.07336434396578213	0.6411944679821682	0.09208098528331282	-0.10044112732998764	-1.1815887125507893	-0.5408672525765867
-0.8021899139595492	0.871793910140529	1.1602046126285661	-0.028848414444397112	0.6332499320333114	-0.9678824143952975	0.24174569606181343	-0.815590085436558	0.395245282034732	-2.2746765983730746	-0.6952665929785817
