pca_00	pca_01	pca_02	pca_03	pca_04	pca_05	pca_06	pca_07	pca_08	pca_09	pca_10	pca_11	pca_12	pca_13	pca_14	pca_15	pca_16	pca_17	pca_18	pca_19	pca_20	pca_21	pca_22	pca_23	pca_24
0.059227232982659875	0.13447990606243498	-0.011501816688114504	-0.13380237970968498	-0.04069420479624333	0.03460269087021293	0.0297647337411211	-0.13648648958158513	-0.14260555932594493	-0.018976843260442005	-0.07243688685305527	-0.08978199424179989	0.22410969285427926	0.025194048253459687	-0.11301191928955111	0.05522607690212081	-0.07095531284849702	-0.04699056738340577	-0.06900596508082738	0.08244097583764626	0.04336711388325105	-0.024299995032949762	0.03481666473559233	-0.07647066729418138	0.00858546744427648
0.0611127648806532	0.11764353901800395	-0.009480119739797004	-0.1293231364582719	0.00729619880924591	0.12202761291652714	0.037878387617371	0.07000064419410512	0.015953678075740704	-0.028499689476528152	-0.0354827389729067	-0.05324494888720025	0.19165638848961603	0.05276416119048469	-0.025405785358916674	0.07339586803485681	-0.02279326721332687	0.006218961514384507	-0.058987288807274	0.06807557724257139	0.05354056935182283	-0.04304145761430108	-0.027304601463223957	-0.0788383353694714	-0.011729808076406016
0.05952393213643936	0.1341693187497064	-0.019853169847466746	-0.08423618753659012	-0.027749916398232335	0.034464903622709986	0.03110785997088788	-0.08963990810662747	-0.12536197869950805	0.04629185943490689	-0.08234397457635746	-0.0780655526835245	0.20500493372558132	0.03684301484384708	-0.07224295062385089	0.028078667895457182	-0.05915293801057849	-0.016022521550901364	-0.04121736873792925	0.13699938619893	0.08978184918617992	-0.028744765452461317	0.04656795238015571	-0.03232121626868433	-0.08684025707839128
0.05476794622841395	0.1277345663252878	-0.014980151251537578	-0.08653605652547408	0.02721141896778309	0.11899004389625543	0.01945267290499579	0.010998617833681112	0.006217178983216776	-0.08966385857494613	-0.04507505205768743	-0.0962177286335198	0.20346634515984785	0.04915485818976073	-0.041527015379005494	0.04878284873777001	-0.058274154948029275	-0.000361193432450356	-0.010926985691609041	0.07263059621739199	0.01786428480698892	-0.05115606964033176	-0.01826421958685681	-0.04074718142933576	-0.11092236781073922
0.056607583852717934	0.12906132865272418	-0.006308612597888549	-0.07688449487655846	0.02493804979075423	0.11375987020620784	0.0022791402896475688	-0.04132021812363504	-0.06626656102018527	0.10444918063461549	-0.07317473806683125	-0.0730065807245735	0.14299565443674567	-0.026437749598382382	-0.0424666173178144	0.007941092858061813	-0.01883239225646413	0.0014707402686770094	-0.08433118525868226	-0.005076840115288916	0.04263735249611448	-0.013641862402836564	-0.04651020208501329	-0.05093559448500175	-0.11228266039004457
0.05491866070733224	0.12665136280229777	-0.002094637939604127	-0.054779289448395746	0.029491983040329763	0.14891886061543883	-0.0045568592849379586	0.06275751073982572	0.007271840250257178	-0.035143285703480125	-0.0868857670371807	-0.0976476523894436	0.11308539039785126	0.0356120411671922	0.004046849602838268	0.012152099623041817	0.015561501861754864	-0.011010902398278514	-0.07147923274128504	0.026017603610677932	0.06605789066548359	-0.05012457087177438	-0.039260151930903466	-0.05722949938522373	-0.03697754085007723
0.058050800653277855	0.1373090428757314	-0.007219654339906567	0.008620495605798473	0.03110108169451034	0.09437925137983025	-0.005778292093941876	-0.12339841532726076	-0.060142187830126134	0.03984651072586849	-0.09822197987688266	-0.1321966167187958	0.09203523912651157	0.035962215916698737	-0.03839439037355377	-0.004906265930991086	0.019265953893844688	0.025498221644669212	-0.0684213428184908	0.1327234501776728	0.05727800772624282	-0.03136470167120277	0.04791948008151684	0.009038164974965013	-0.023261661781554144
0.06991948924997764	0.10385120785699697	-0.006363883450758612	0.07197880766075493	0.0714086516892922	0.0065326075866077304	-0.03383344173294475	0.05788035257600038	-0.11029887837894861	-0.1351801648277518	-0.05141014558312634	-0.14847556644256832	0.10239100528600059	0.08139928792897877	-0.042734490776538236	0.020712561595850082	-0.004350584372036198	0.004348426135007327	-0.08681303673577921	-0.026579119862735895	0.011317936982323612	-0.011128843818934413	0.1474305016332813	0.11197219177890448	0.041404085713281934
0.07359602700295835	0.06000682561991765	0.010470392476703165	0.10250285790392291	0.07764968943217532	0.09830393742230664	-0.05829410756618009	-0.015865542848762633	-0.03445169246355442	0.13849715957331601	0.08244920784921625	0.0166243045966281	0.009516755552724132	-0.016594736456929618	0.04138049622784353	0.10998788656121147	0.012838465645083133	0.008609452338895117	-0.11260844598404782	-0.06996771920999732	-0.020717498839786685	0.005170346378705837	0.011635334335696267	0.06619623109490598	-0.0360368636304892
0.0696103560699447	0.058974916573913086	-0.0035280875948854916	0.08392320887443938	0.054016973038372273	0.13379270358397505	-0.05826623243093311	0.0723077999407144	0.06519468927766262	0.014024652956059792	0.09718093498279796	0.04401371239976565	0.06689416594434755	0.008475876356524137	0.04256808654561767	-0.034040439757382045	-0.03153659207464435	-0.011408099442643689	-0.161753932643809	-0.04784055201827113	0.020299116841731697	-0.00522545846086777	-0.027096427301954176	0.0025770091998641304	0.011955292981728483
0.0740158980953591	0.07688427547331368	-0.02350400565993898	0.018637659631346302	0.03448467052688586	0.12671477816253174	-0.08140611320402796	-0.0656317290190493	0.08169406194820333	0.05448035648195771	0.017431152960459537	0.00813378499292794	0.06012651515926691	-0.00308268613972738	-0.0037265621259585935	-0.10464970118673483	-0.017105254477002008	-0.009655838944154255	-0.0596192610089987	0.023135628760784982	0.05223128115608468	-0.04759597479522152	0.052630746695412026	0.09516879651971193	-0.018174581271173145
0.07009789416002674	0.08406924035055194	-0.026065597311351423	-0.001445866592186082	0.007216970281517243	0.13592719349058574	-0.06637933016098081	0.054661194124121126	-0.031212675750609473	0.109594773163292	-0.05315469596686964	-0.023863923562874922	0.033171484331660284	-0.027136590871461135	0.02765320302674877	-0.05524502320547384	0.016662257426724086	-0.012969272700683779	-0.0013375720322331142	0.08862210328854787	0.024426553470742546	-0.014883039969419004	0.04551346114249969	0.054043092396062614	-0.041855245795988275
0.0695042705106404	0.08443459716727499	-0.029099246975804172	-0.003128278282340071	0.025791864564168557	0.1572334355911844	-0.06623300078751579	0.008655506487677711	0.06783302101793715	-0.043128547796825956	-0.023898904765770612	-0.09676614865555136	0.03324159304104429	0.0013042305161291845	0.028066978013027655	-0.04361487289538607	0.017105184843377697	0.026418394620837594	0.011113406917895925	0.011397610182000781	-0.023843892180945542	-0.06498790513330142	0.06466747551399155	0.0511811908732131	-0.06698548340769972
0.06815677347514414	0.059980851709746284	-0.005531116381402227	0.018806757477313116	-0.020344918262838317	0.14500680570604962	-0.033068423903782174	-0.0008631786603287006	-0.00561354843385703	0.14781522190545532	0.0192789167171932	-0.019028747974137283	0.02569095565543142	-0.05316784819315688	0.027946419416624235	-0.020238771145932782	-0.030597058747053596	0.05806378521239089	0.07799610571008098	-0.1187986059763177	0.001714466496110123	-0.07741287736929894	0.022226700615140118	0.01432667397375486	-0.008214833554617038
0.06780886464466061	0.08380893483784434	-0.03549252270255848	-0.042539363761063105	-0.027827603127577295	0.1515008973810497	-0.019993983281789446	0.05351532953815815	0.02545236948761659	-0.042102472032680006	0.017645367247041632	-0.04019027399877628	0.12128241809660723	-0.013496625795993825	0.006955688061922538	-0.007378024179718223	0.0038613160094171624	0.02592309631804686	0.03283243561219351	0.015472121719291188	-0.01703799761136361	-0.09975758927614323	0.033511004129818625	-0.01737636917011018	0.016761936414667285
0.07096740399476538	0.0633070373153663	-0.006822745979046731	0.013388807102763625	-0.053474967601074216	0.15018451428326887	-0.03039252946278609	-0.06001663606897739	0.015495503506343482	0.13896691226907562	-0.006517306944111123	0.019781273086485807	-0.010585282314234168	0.008780143256347961	0.08894476016620391	0.018749052190407844	-0.05017479015837889	-0.013373541259939115	0.058638530494827396	-0.014084104540925457	-0.03409290479109334	-0.026749910445456885	0.04779184363368981	0.0473257989440549	0.15918206975049637
0.07063597101439237	0.0616138152984538	-0.01583661902455427	0.03179063253704404	-0.027164317643363262	0.1425951926197871	-0.02183692481550481	0.10517955708308047	0.05924704326143268	0.013255398088737658	-0.0036561940134871573	0.045813830918226925	0.005835787962617245	0.06887592532772453	0.09942513858744506	-0.03483600920655777	-0.0440105899724878	0.020516881470358087	0.028449156636193934	0.00628351793074694	-0.04908951918497388	0.04241691387880474	-0.002736829442365904	0.051344779935313514	0.19780346851342764
0.06786339780806606	0.06135811629130059	-0.015594779304964123	0.04155812509241732	-0.03357707424656299	0.1425542329458739	-0.03833326191522102	-0.07768527589898225	0.068332447509169	0.04124361871651133	-0.0214258729396255	0.024448699913330596	-0.03173770500126405	0.010817079764405772	0.08541446055745142	-0.06417456492617346	-0.06904855857215217	0.03747364684373413	0.04444331060415688	-0.029665667064710105	-0.05586351875174651	0.05969958946404727	0.015991169077037376	0.045281205528679896	0.15730664571680625
0.07061804242637196	0.05836636858167847	-0.014863410506558065	0.04954486420089027	-0.011219661432632737	0.14570467283499278	-0.034815425815341486	0.05814097975050822	-0.007046424782500296	0.12879897377015004	-0.02919343018567319	0.012515763283512324	-0.05174564697610862	-0.0064401897876802255	0.11327274855016684	-0.004075427402068274	-0.02333096453804262	0.04956345489296814	0.03860532856473042	-0.09828633370531263	-0.058877036661143786	0.08882258979402534	0.0031957303315368474	0.030842648156940877	0.09462960630837634
0.06329264153107494	0.05450622042397353	-0.02458815847039254	0.08292138507512564	0.01277220138579821	0.14157105713199938	-0.047883609498929836	0.00020835305504699614	0.09071968213189965	-0.032012297104335063	0.006891220207608274	-0.033212614472080126	-0.031208506723622957	0.01964277603118493	0.14713387500818914	-0.0384769237288847	-0.059215364947683424	0.06469245229248553	0.004835854307600321	-0.12176229222768212	-0.12103977988790271	0.09212820577311306	-0.009293119366204167	-0.04420678717701236	0.027280284746900606
0.07352063208960934	0.056054089611300685	-0.02692189808208503	0.10740382046685913	0.009010037357756082	0.10249851425063101	-0.024844907105024534	0.04691070549489908	-0.01344575780686598	0.13536792207185633	0.00840894299796427	0.02358755484076032	-0.03342319795411566	0.0275054229304907	0.09347413920060776	-0.03889726521339336	-0.031226124980433784	0.05341309806226144	0.11045358373078715	-0.06894298789276929	-0.1165677248336334	0.04348204027740455	0.051562163798809624	0.04491309082467779	-0.029193960444063898
0.07672009345468027	0.06375875127448782	-0.028832542022730733	0.16000771512427145	-0.045929043281459324	0.021566227320794152	-0.03546688820810952	-0.11863375666823789	-0.04500917240456911	-0.12466386800492021	0.05021867852988837	0.08409307411865266	0.021174184293890078	0.08545754983004815	0.01714177090143132	-0.0785189524464579	0.041998620498026495	0.10330686306358661	0.08800045126270803	0.04181203145288559	-0.08257087421978493	0.12136813890198402	0.023045706568383752	0.04076812115608623	-0.0001176417461364928
0.07223524759975702	0.07209214793176603	-0.03316154249667543	0.15616753344982476	-0.03433579805489685	0.002790789553759321	-0.025565820427460237	0.050666926327661614	-0.16709708326844422	-0.03876404545161524	0.0018491585055697701	0.1036126828641914	-0.038677466377299324	0.06200327865233693	0.027096154447162	-0.019788329138474947	-0.02427248506310605	-0.016532320875331158	0.09575544901522512	0.021714694941371335	0.005230709653527524	0.02825477442571367	0.04571444255175333	0.07789734356949346	-0.00653145228918427
0.07029266618667679	0.0780402161624605	-0.020887892660655796	0.14115886166274977	-0.051056401359677636	0.01013389122040851	-0.005507514633876021	-0.14346056005035013	-0.09965527974024153	-0.0924151875428969	0.04169545205131214	0.11797818429951612	-0.004192459436510462	0.03943831365899959	0.021741259894784287	0.0653937982245977	0.015591570686588646	0.019265728391287394	0.11928506024696661	-0.05806465433171332	0.003921157433022515	0.0026440438865721477	0.01426784528835277	0.026762012850488306	0.11419712540206223
0.08012480217770093	0.06591221827622736	-0.028082725777412675	0.14140498276257182	-0.04150419282796663	-0.0008024611649721636	0.009991526929350222	0.08410521875393782	-0.1315945229184982	-0.10344204024491471	0.06463161770584269	0.14080792874675777	0.06110238315002321	-0.004279572829597039	-0.015376689715932798	-0.003925366332363456	0.03262083061024153	0.0505139698037549	0.01485005955923073	-0.022114630732440632	0.04541953333429674	-0.05326028834188809	-0.00023350540920290264	-0.009423553834912779	0.15327346390394278
0.07753304227160132	0.05984928724056989	-0.03232939539215325	0.11283098567835716	-0.062203228457364604	-0.021250956238161086	-0.05375009308345891	-0.13282901662548002	-0.14617506426015228	-0.062248427992451186	0.02918769817205097	0.11680011416270035	-0.06062308076914262	-0.11633984560173166	0.0377539495458165	0.12760451350322455	-0.11905233537296178	-0.14698281096882013	-0.05392173601585863	-0.08426670230849784	-0.0243899929083269	-0.08570755266866925	-0.04440547621730403	0.027350474608147657	0.16875990918862033
0.08114688252333108	0.055927563285501324	-0.04508705506936444	0.07021253859668651	-0.08240039436647133	-0.03680492673469202	-0.04636404339910448	0.04680441095863072	-0.050889756612895194	-0.15627209526801597	0.047902683817298744	0.11856351363216966	-0.04121515577566157	0.02216289852649289	0.05101797571228055	0.12898916778780187	-0.03559560118420327	-0.08908636965027586	-0.0885043405787623	-0.12420139439204353	0.05164182607800483	-0.026088189773427806	-0.03347545247256761	0.056216384733471514	0.009364464898344424
0.08246960901427428	0.0555476418526284	-0.04157041860876072	0.09945052127990563	-0.08971728751855294	-0.059181200254058285	-0.02241888100239042	0.0261042689243905	-0.13282341269683767	0.025801506948835883	0.059100308219714515	0.1568765964379351	-0.009153174070835522	0.023720162666784117	0.09316551564075738	0.07977033520898075	0.010435293736964446	0.013714677199482495	-0.1128312557167156	-0.05454531981507346	0.08549267955114187	0.016308188700945553	0.021781907396541116	-0.1107221975881362	-0.13863716841512294
0.08806136697573863	0.04383258997882765	-0.05014915673637726	0.0964716719776559	-0.11777985770188625	-0.0625006377194958	-0.06668470453066208	-0.12147622323259756	-0.027826161498422153	-0.026973568567574453	0.09795571674761876	0.1335457228061966	0.02303938367468312	0.04858226381936309	0.03937950379622679	-0.028458953186875413	-0.06851021818609465	-0.03822262966183433	-0.08497698927485803	0.025356161280069442	0.10318141138195874	0.004118157774656683	-0.004703020556854648	-0.08364005770314531	-0.057669584081470174
0.07919996782239239	0.03603105892839788	-0.06315017265482369	0.0594995006822762	-0.1522430308987854	-0.017313471673648804	-0.049699254697681286	0.07615628290210243	-0.07433051177013891	-0.04011643478986874	0.034982271746179	0.1291289585032496	0.008784358084734207	0.05334230195400126	0.03159031698588918	-0.06196992211698929	-0.05201826871080359	-0.09044414415205312	0.011061988607052847	0.038046154541626506	0.11161852718720788	0.08076338397279298	-0.09286565382585563	-0.05893067861828355	-0.01800996941508633
0.07301074827058139	0.0375087513124059	-0.06914536458583834	0.04145317976743524	-0.1765438086539869	0.0018121290379495357	-0.06830710336599238	-0.09268578245263652	-0.027128790646965963	-0.10232279286891884	-0.015476503750274375	0.03896376688015291	-0.022361920180842536	0.011027817961400357	0.03381744147717525	-0.0926652721079621	-0.04944588286366469	-0.024965292115744386	0.0701172421231035	0.031323944994396696	0.06340122529254263	0.0849923473183367	-0.11118006180135062	-0.08409211374290054	-0.022351136831023046
0.07491501282521337	0.03849558840005104	-0.07416392534390032	0.042543201732319805	-0.17493087003734664	-0.020656882861922337	-0.054998372819868524	0.024014467780233504	-0.1285771365552515	-6.639841671893162e-05	-0.08001086107115626	-0.022239161096986912	-0.07923383248748893	-0.0024656252009245313	0.06792777750544203	-0.006188796993887656	-0.006838967912100008	-0.036248818884990874	0.12323702105594206	-0.019649285466346283	0.025678456359202295	0.07640126739474438	-0.12556758163356416	-0.06668671758333548	-0.06496198471456956
0.0746175670949599	0.04552407784540828	-0.07037162175921396	0.07556252369445053	-0.13288025114622745	-0.004611930704974631	-0.05422413461318887	-0.05680940262369437	-0.014114740255619674	-0.1359416355171451	-0.037764989589581514	-0.08324238701674343	-0.08069652821083932	0.02871885296750991	0.08586171031422535	-0.009983028861065843	0.023262966757241363	0.029085259964938437	0.0434432602757831	-0.10439623504585893	-0.04108937865848905	0.06104135519153128	-0.13418741593771463	-0.11462938401320877	-0.1331463131386685
0.08363714501295376	0.033740511404909794	-0.09619132466883624	0.10087869358809945	-0.07904354170031767	-0.09864066587787618	-0.06653847663635966	0.07153914704384522	-0.10298164114682695	0.01584248787633565	-0.010577410793383722	-0.18636508286149633	-0.13439725645561754	0.04122635279277078	0.09589350457960567	0.017616697291048485	-0.02718560118056442	0.11952020430020834	0.027958700274349522	0.025726749820542887	-0.10335283713756382	-0.007099924878064046	-0.20077146399624074	0.007272770253489172	-0.1361949687962365
0.03543351489941144	-0.025184793968948342	-0.1385150222269876	0.056565972151014776	0.13402980414484367	0.03699452665476354	-0.12292668399932638	-0.04339945078278059	0.07474111448351249	0.09620438535015945	0.022666674902622856	-0.08996842258929554	-0.11779288452355946	0.17598373968472072	-0.06325475228642792	0.054705691513899	0.08280801359251287	-0.024657497053848253	0.06322838477667983	-0.051474409091212286	-0.16712011124339982	-0.0831382182747285	-0.06932627390700047	-0.19557991271104286	-0.08920929580438577
-0.016447858036300857	-0.04078545746176072	-0.14695251133561243	0.06104447642382381	0.14393873773615556	0.07574292112783189	-0.05027444857983718	0.018135182706190797	0.05489936581816584	-0.08659529259413655	0.12056863271445341	-0.01947519404006642	-0.10282127992077189	0.11864393428353505	-0.06393120393903252	0.042892328315495346	0.01771134450685567	0.06520587561214847	0.07149333692005198	-0.03201854016429303	-0.08974703534393852	-0.15972004663581663	-0.11788002043158985	0.07841956021260198	-0.08506081692942613
-0.03343286940135488	-0.02815354232958666	-0.15394180009236103	0.004243659138016455	0.07797688398872894	0.021679005958418502	-0.01169286223703494	0.07162301257377734	-0.08447940125950296	0.031970619949214525	0.09856579811872608	0.03790199817988758	-0.06355472564475478	-0.01857012198816796	-0.115919947682702	-0.02588710093460678	0.028072081927957883	0.10332788769066002	0.018865046096785125	0.03393908350236919	0.01121314791621631	-0.12586867747445377	0.007883134275091798	0.0889414325369963	-0.10353179191399059
-0.034569248575914834	-0.03920668733916845	-0.14771238692365452	-0.056314566804388864	0.028345390508365036	0.018722982460166668	-0.02830608102910459	-0.08713737097495707	-0.00660196791448969	-0.052009498027393415	0.06967738840151173	0.02123438256624048	-0.08479499355964311	-0.031181435874153136	-0.0736030556982622	-0.04927800131574374	0.008185303294499504	0.0696772791019172	-0.016753232063597703	-0.005775484031484007	0.06454425921242565	-0.07111583645257916	0.011127479699620222	0.04428912507330038	-0.0003843893742239077
-0.03871032836834222	-0.03852771504237336	-0.140942643279821	-0.04860173275151516	0.019716735447941558	0.03483175663629528	-0.0010587844125764883	0.08645978745656448	-0.05124451343826884	-0.00021015444536241814	0.028464817403954686	0.024121479001063543	-0.10421958792178955	-0.036801192500508145	-0.04449798435861714	-0.022042108668592374	0.0881374827920994	0.04287874258468978	-0.0692718307701857	-0.02375960641120218	0.1445345236848064	-0.020535658319530824	-0.0376311760634356	0.034223118117540585	-0.020078771849215468
-0.04763024327136453	-0.03038830312512156	-0.1431828258409059	-0.05660208049396065	-0.007441264136412744	0.041289245016157126	0.01668935827056647	-0.06977992083157838	0.03520540303473961	-0.041564802294264985	0.03943298637460262	-0.00836743748811476	-0.10124949490573237	-0.036946547078172146	-0.030639620090776764	-0.11001036416267589	0.048963260006237214	0.06195636111410906	-0.07397525275583702	-0.03902551173020161	0.11235952497843556	-0.05404359622932292	0.0005365535550097902	0.045193022162750146	-0.045679976923329285
-0.013832839696499236	0.024673572358821727	-0.07720820388650136	-0.12456537051096737	-0.008142719405842642	-0.07971447631952608	0.023463878141672303	0.06058164126852635	-0.17373934217699596	-0.061539552871633735	-0.03130390377920801	-0.04311451648306084	-0.028950055569415815	0.04920566530659199	-0.16742277586887552	-0.14631290220444826	-0.054714028865621316	0.23394165570382158	0.0048167500725365825	-0.17777995090020196	0.01791395226818287	0.06072793963617286	0.13515917690032844	-0.10641226363892024	0.20171199393519373
-0.027387198277876657	-0.030404175002707402	-0.0644474048780526	-0.10322455598259145	0.11376856107686756	0.01701412925639554	-0.09786669085774344	-0.0006642074451222247	-0.059660554340815214	0.02885455877966877	-0.050862436409408546	-0.09121773607101016	-0.1998735203728199	0.02692537455531517	-0.00012962559477653932	0.3111062818336599	-0.09638676567509892	-0.027006991997572966	0.07016778489082197	0.24966740018567907	-0.18160443802053833	0.13431533049706107	-0.049941120054348934	-0.10275582217965296	0.04846224156060159
-0.022867921589086727	-0.042305016970926194	-0.12920588063458271	-0.046939761557624374	0.134893411853456	-0.0030174597413586256	-0.10443201625110571	-0.03945666851210052	-0.005001456222777009	0.0830039937608996	0.05647159057565517	0.04208565829147558	-0.041596181263528306	0.13187532924432446	-0.060516107125531966	0.04038651049240645	0.05453059887336699	-0.021560046962860492	-0.09935964563515019	-0.04326030892509683	-0.05288470428851528	-0.11312083511744239	-0.017275507688992567	-0.10283361858840895	0.019350161983389586
-0.05210303620961037	-0.027834557510910442	-0.11600363540797616	-0.09538480401196901	0.08229579938506235	0.043072086233731	-0.08877742526104856	-0.026312631052876973	0.01568215119025933	-0.09000084672332934	0.1519013395862381	0.05608792023434204	-0.0006124895071385537	-0.017221918438632928	-0.08844071894673967	0.04128788920157465	0.010380175479584416	0.0197518598558903	0.01896606983126234	0.03370982216995444	0.06026748596758656	-0.066917659919339	-0.023823149534794058	-0.02081955200313459	-0.027621674321904786
-0.02752164373398593	-0.005822662733605878	-0.07025738243453408	-0.17768235736390164	0.03691614165593601	-0.050956041371497396	-0.06199948378495185	0.05631849704484498	-0.17825115317995227	-0.10495461920167581	0.05908352703929799	-0.0689199577099499	-0.07920791643888009	-0.09577313973113527	-0.14052298853916578	0.04065929039267754	-0.1189158181103819	0.20077599358932693	0.05928204569519768	-0.08596869837313552	0.07582392402472139	0.04308835994879951	-0.07865905861651397	0.01051399705173331	0.10701717538883555
-0.0157139561427018	-0.028354915758906366	-0.09250769104595967	-0.1185883351181714	0.06180968463054734	0.009825447594922753	-0.11058144210091626	0.02110354351467954	-0.050634166785675824	0.07339153808378998	-0.04702810374874184	-0.06096950818262768	-0.10485810179174956	0.12090315162417577	-0.0624266306497866	0.12058218935272944	0.009116384067856368	-0.026107551698765493	0.1105154047059207	0.047521636709713475	0.026595383041674105	0.11342657947271628	-0.029821888270132123	-0.08367008542027021	-0.02980815282895711
-0.02748817509314884	-0.050237800265949914	-0.10951822679690561	-0.0640668538123496	0.050535957081938275	0.06064503440701336	-0.11124319386100584	-0.061404375207534764	0.06720965037526457	-0.045068754706231486	0.03837427853658433	0.006117745975707147	-0.07625233610148896	0.0695027523316251	-0.04439158184307423	-0.020075407849861605	0.01594955621802055	0.03954915058764141	-0.04154350508495979	0.05152777718452012	0.002405148690033221	0.004110369625656817	0.08762298407620539	-0.05769305219795621	-0.03230078961826148
-0.03400266004840021	-0.050047669260947794	-0.12086776435766303	-0.061861349478549196	0.01441261226340119	0.056477477405894455	-0.053141209387946496	0.09512787733796557	-0.029390414907347843	0.027318668965825157	-0.011842275970327339	0.03894423125890937	-0.07264082688279863	0.006265562759781522	-0.06198701340969384	-0.021745958815419825	0.0369123499983991	0.03870415067978191	-0.015263439066328021	0.03631897648547694	0.03399453395205402	-0.0008063974961499774	0.03254523770626532	-0.0019161463177974278	0.020921180672357546
-0.03663196286973723	-0.04900128171191667	-0.12664170071105685	-0.07472808571269995	-0.00962024479609347	0.042150809663372035	-0.0471552872201252	-0.0861843023685463	0.009871959973992948	0.05104389471422811	0.0017411680590628158	0.05328716856618854	-0.02729729133571599	-0.025151286553630203	-0.10602084971193708	-0.043734086594559615	0.03915631964390191	-0.008788307404008143	0.0018015192768364406	-0.015383176839644795	0.03108949187615429	-0.0884088461033101	0.04163136131293464	0.02987485864658091	0.031215428139220826
-0.044212981016356845	-0.038206275509839384	-0.11878239159620706	-0.08838403089402887	-0.05963655006447717	0.006013008784641766	0.01910037857922882	0.06037882790541847	-0.04387876517885895	-0.09090971474982873	-0.013882812088174021	0.055534319086026684	0.03764311863298724	0.005106619999404428	-0.1217541799916189	-0.023499353524230018	0.05421387420667625	0.015613948086938943	0.03486209670781268	0.009202585880116633	0.038200631067273755	-0.03989602470307703	-0.0032227008756561346	0.0643923514244332	0.09013282854172704
-0.045356810005074785	-0.03900047154139476	-0.12250316913696499	-0.10120422023355946	-0.058444885669398705	0.03473065066848179	-0.013975967088066026	-0.09406282652531658	0.0053576437785408295	0.02015589175895893	-0.06587985836171183	0.0544377746092713	-0.0327962048788942	-0.043022919912033115	-0.05932938858044389	-0.014817039670943742	0.05493536091948403	-0.022829271330049174	-0.059396022971761914	-0.02965673328839927	-0.002169989199205795	-0.037518658315170705	0.0034055618907075664	0.0817777898833574	0.10021661461946185
-0.04505414863678077	-0.036205480062817014	-0.11808940265826308	-0.08340223857115998	-0.05212147560031187	0.01828884409591272	0.02254832200354058	0.07311313119986215	-0.07584591830703474	-0.0005772500370583894	-0.09700167403814965	0.0324610512978009	-0.023149624443279868	-0.008815374721088263	-0.0402784794778288	0.0685510059435531	0.08814378222457818	-0.017415616426730826	-0.08214691810073234	-0.045448096295556975	-0.010849097881747385	0.02120516968017207	-0.008450472956376442	0.06384128786387275	0.09357193363861582
-0.05155518803737061	-0.029137428380605346	-0.11062297798052775	-0.023823607790483693	-0.002349941821025313	0.0307783340621747	0.019292864719163395	-0.08626228568790233	0.019558890403516004	-0.05662748792673199	-0.06377291212324172	-0.006904284175318073	-0.01110172277468958	0.025019392463438525	-0.02906195572285009	0.10179001144582508	0.11798993645604036	-0.012692009390936402	-0.06640460038950652	-0.053768251540208076	-0.06326329924600581	0.013563519790030655	0.03978616943451094	0.051363499437360544	0.07118026773838107
-0.055216782124263154	-0.0192069101365318	-0.09856039164005506	0.034453620480446256	0.04396597635445454	-0.0024572623715340453	0.0526425691839659	0.04125270225773436	-0.10581328484184557	0.01590804831790687	-0.022477197721166693	0.04813513282069222	-0.017204295997285797	-0.002521940551037071	-0.037057322048306196	0.16341991340472334	0.03525792062940146	-0.025445993389454045	-0.04723914053811421	0.022380063954603555	-0.05706561703095739	0.009500033022413992	-0.03418263074818766	0.14681007073784783	0.018687614237759793
-0.060672423160312294	-0.016905383670669544	-0.10176629384349434	0.03264339988520319	0.061247353413212795	0.013123779978114767	0.047033473604594644	-0.05840199494184214	0.049443481846070184	-0.062053584944989235	0.06351494274529818	0.07902011342745185	0.04287746076812963	0.002043074963588914	-0.017941445243855176	0.06864458708874484	0.05261715361754438	-0.012533723232027935	-0.14792466735541526	-0.018465962035002698	-0.05450025267767748	-0.0029295231345355527	0.05052809636289313	-0.02457501926780907	-0.0332243501374776
-0.06338185133759382	-0.01736918394862366	-0.09551136648400481	0.023449968223610524	0.04610457309762123	0.008542353540030294	0.021347791575412917	-0.025920572444338846	-0.03057229861626539	0.09402893380863743	0.0018736966963414444	0.07402008105587828	-0.025382372371804258	-0.01750812381110894	-0.012899022797457452	-0.015971834664228864	0.016092950850181607	-0.07397245743263628	-0.0703563385390203	0.09229565286893836	0.03811268826982623	0.04950481243604003	0.01944360147383268	0.0902479197779694	0.008098787902331563
-0.06956723691134782	-0.01765222446347443	-0.09704678317436737	0.01083632778065278	0.022351979077024676	0.04802975829796797	0.018565741909116456	0.058472110993311725	0.023811910642676435	-0.06899691025803804	-0.028695846367333883	0.009949534949380945	-0.047938603647290134	-0.005057073376269207	0.002205519752408464	-0.03286908262325289	0.016111319964951906	-0.07298504323450022	-0.07381451476519224	0.0952084890428961	0.07534671320784628	0.042755952513062676	0.01620666802508086	0.05939038300027143	0.08078243074933429
-0.06577821126038293	-0.01324109813586824	-0.09304133064461123	0.025958035415581678	0.04464301914421213	0.02744386678615573	-0.007294289194092385	-0.09927802562981008	-0.009410001201561958	0.03327956476583591	-0.07995562470912747	-0.04126432739054103	-0.08232910789102321	-0.048028051954542524	-0.018328237200966293	-0.02204968695040249	0.058007292318096454	-0.02828408401503395	-0.07011192981442159	-0.0072243236914460995	0.07730762656537565	0.030146565809310015	0.015687829095155547	0.09744041504296477	0.09686583681432077
-0.0677350664680476	-0.015588265390144417	-0.08470448199303363	0.06055829288110051	0.05814140994837409	0.052603862200113885	0.0029598890649390817	0.09217836246327231	0.009227991254620803	-0.04181733851687659	-0.06987304290584344	-0.03170544322455277	-0.05562452135506255	-0.027455276467799977	-0.0027091217376657875	-0.038995298624265005	0.1216254525640789	-0.03423466599282282	-0.1236671236752804	-0.02765583883184803	0.06712955527735644	0.03534264565491557	-0.0252137566527011	0.04674802598032456	0.05080024911512107
-0.06173757518592705	-0.0038977510048198824	-0.0572164520738624	0.04502805815319749	0.06673978272452315	0.035901976350785306	0.0195565865351647	-0.10084869124225836	-0.009552955731408028	0.023921479849935874	-0.0250976807253763	-0.0553901381235083	-0.08605231005174699	-0.08962333086066836	-0.002262747727553391	-0.08381389949527752	0.05774031325839393	0.05285696442733805	-0.17789923694402168	-0.16584921433700228	0.06649125501595482	0.0341149018471359	-0.01541627608378491	0.014843346310817724	-0.017192343140821197
-0.05515249896240173	0.025588565280000964	-0.06325259013279573	0.05358494833156878	0.07765971125370796	-0.029918688253633443	0.06451712051898013	0.008975548955624602	-0.029578440222475126	-0.11078576261272771	-0.016678163194974307	-0.05980477616058655	-0.031338493192168325	0.11059052017530509	-0.042157717274271325	-0.0014677207862615145	-0.031195453820639055	0.028918649303165594	0.04235056534491088	0.08906157535606132	0.02130739448655172	0.1006745117557436	0.0896453554581059	0.09756817865536455	0.0008601733489874835
-0.058516152353156665	0.0030256680380446707	-0.08615022750476004	0.059345404979845987	0.08621773371602641	-0.010607565053772599	0.08381675710405288	0.031017661964901105	-0.055369328027788066	0.0908502043126284	0.06633202862799406	0.043825305730184595	0.009229247732832712	-0.011560504108386667	-0.013804846843418015	0.006342111673226997	-0.01911677499196273	-0.05042974053721132	0.053557139569694046	0.07519730848084383	0.0028106328532599536	0.03536423658879102	0.03318931020854651	0.10514711700128926	-0.12196622440292354
-0.05979601825936418	0.0014948424338039532	-0.09647447011492588	0.023531575402583833	0.047432608707645325	-0.0008791458336615129	0.08764522731051622	-0.032475833410849926	0.015819390573070448	-0.08085746641934835	0.08843410021876363	0.010719549937923572	0.035974068569353944	-0.034625244547641695	-0.014126062769055911	-0.08758633352555396	-0.04555388804434563	-0.030563427949882836	0.06316514490375888	0.03276083475895645	-0.05219405875975553	0.03566559822561832	0.016751967528959293	0.058670293680935647	-0.1011007199135052
-0.06096477325146748	-0.002346812764664466	-0.10461347340834568	-0.033950529584461604	-0.004876012144732527	-0.01802496023917655	0.10825668584138104	0.03439788238543183	-0.06480566504766472	0.07778539701131999	0.043445742183204974	0.024838960939946846	0.03863053062406318	-0.05268126676203398	-0.014339531788029198	-0.04526209865903907	-0.04349076628343157	-0.03534498219156132	0.13072386529144414	0.018003379529472226	-0.03760898696844634	0.022134590808522994	0.018631604845010714	0.058915719967371064	-0.08423133220213472
-0.06535144919454754	-0.002729478727170536	-0.10031868653830411	-0.05798747487621106	-0.02471189693830542	0.0027602338026394245	0.11092426413042059	-0.04955748554961943	0.04991413349101084	-0.06310568942716349	0.06205306081690846	-0.032682181780146834	0.041114120159282334	-0.03476884683551535	0.018929255793230404	-0.037293826895290996	-0.02622708245702079	0.003919653265727893	0.07349834581450719	-0.08181677760636416	-0.09081607943903137	0.04575852772044564	0.00033835414770417085	-0.045279589237086956	-0.09627574694029813
-0.07512269981596258	0.007116244608573982	-0.09769885751410079	-0.056754804602066306	-0.04132262719022067	-0.00727537594014555	0.10145640304819839	0.05302298032384303	-0.029848329180005514	0.09916887915494486	-0.002300105111511786	-0.0025616496828572257	0.03522494965154367	-0.018909573186260634	0.043862906744127704	-0.04810610374833855	-0.00898577328897661	-0.05262785453668067	0.03773708435450849	0.013846863567278274	-0.052418034845634356	0.056089954495063654	0.026027126246358386	-0.032391136252545576	-0.07457819234406995
-0.08208665478917787	0.015264858919441448	-0.0989012282626595	-0.054610585467698564	-0.04054428299305559	-0.012235225326071587	0.08058359567997028	-0.016409913687481077	0.05681362562368694	-0.05778226077195476	0.03505705805840609	-0.013769241380067267	0.03149688012557976	0.0005601697753081739	0.07484909983404467	-0.04371820575620271	-0.02127290095483777	-0.08273111587919042	-0.012207858449556297	0.044527438631614534	-0.022912710833732967	0.023494345009018758	0.06930420749443797	-0.02231619743575237	-0.017992362960369906
-0.08111314047800305	0.019208568355201114	-0.09735076747844057	-0.034071307259311005	-0.043491550722038946	-0.04499037879858551	0.1398524092784338	-0.016194176115597148	-0.04806122672787094	0.09135564265890535	0.014433937290185859	-0.005732259399258367	0.04181312376027303	-0.018840681914620665	0.07066662830140637	0.03914839770005736	-0.004658175312384526	-0.09709745258782491	0.0669416042826584	0.01943061497050333	-0.02381870087762626	0.0191840190758074	0.04536679794575088	-0.026673442814331063	-0.01741960254212693
-0.0844215311748159	0.021019120686547627	-0.08700320253596378	-0.009610315911437366	-0.006256341544236694	-0.012549350712450539	0.14102345396879823	-0.030064069457339034	0.059016260838992904	-0.06625562229387319	0.08462941189755027	-0.029225966932356733	0.07307084119973187	-0.03498735362662939	0.08567728257605883	-0.02904553536835943	-0.008823693049033932	-0.03791245722644139	-0.01559953875582278	-0.04668224035725835	-0.10899543904197573	0.03496955237037342	0.04259547675742156	-0.08684258786546543	-0.05630920231274511
-0.08281244975234696	0.037926634957074844	-0.06731117932717631	-0.026389038800662453	-0.0014938903147334707	-0.0835290123762453	0.13263535525951423	0.03619442377288729	-0.069551341043655	0.05629785139321552	0.022987311618119857	-0.045117844842586505	0.025460306072512023	0.06459773446550164	0.004545787769555993	-0.030528589282943424	-0.11469200242380764	-0.05979816439705577	0.10391435893109491	0.04931936258729104	-0.03638630195106014	0.08270069480199713	0.004338255420695171	0.058952111253661475	-0.0007703588606477983
-0.090371170722403	0.020807543848939118	-0.07501890247785083	-0.010652092812141575	-0.0038312163754362256	-0.025189807850623108	0.10646982059107589	-0.08231994912117575	0.08622817935196987	-0.014710685387831933	0.06402242174374814	-0.0030118660759608927	0.03992795343710032	-0.004498207714423773	0.08491180445064438	0.004240811124615384	-0.006989033585041835	-0.04958240317465772	-0.08046125359388108	-0.04489618129940344	-0.0659076223812002	0.05940209750636742	0.030095567844419246	-0.08506042517720344	0.013075815298754423
-0.09092801126719427	0.02069737906341677	-0.07594457061922863	0.013767231533907043	-0.0038621821527711903	-0.026407698194114884	0.1355291346787891	0.08187017466533078	-0.007678347705996294	0.07398698963758815	0.03306273457886657	0.01719952520288936	0.059551111212226567	-0.011009229345027424	0.09537883179191779	0.032588488803781054	0.02321190808240734	-0.08647269977579361	0.0005779852416655171	0.01891330476343608	-0.04913684834455192	0.0801646075993169	-0.017048439750409185	-0.03737687192380636	0.04970370864796446
-0.09700360450866277	0.029540741181431976	-0.0624802538522649	0.049348239527174105	0.015422141108849893	-0.03701031999105914	0.1207702933284097	-0.09215300865864438	0.04933713035205772	-0.00856291466070867	0.044989034665028224	-0.004111671359871782	0.04841800365322856	-0.01409869688361013	0.07335065931177479	-0.009468725800282572	-0.011333141750170549	-0.0891223322611142	-0.0008109224036386697	0.06298191560599097	-0.061098012566840346	0.06722219501855285	-0.0222776812367999	0.02320340595202969	0.07502457752335634
-0.09660025357404987	0.023585171132620715	-0.061977141824210887	0.06173123131698806	0.006776948540190739	-0.018351690270748504	0.12986156602578247	0.07592578155644454	-0.004192551272271499	0.08301113971235202	0.03769353037617076	0.025006753504086914	0.0498219668194928	-0.06756848028465536	0.09199014363745808	-0.019171869629381392	0.03542482248525249	-0.12731769912745255	0.007867167411927865	0.039409493796520534	-0.039979728615853936	0.0212913131210032	-0.07349354902910243	0.020603311104562018	0.034682747074834604
-0.10055022194410725	0.0285910498155096	-0.0566956931089175	0.04339230104803343	-0.02524258594298379	-0.004366636506983095	0.10950724675906369	0.010788497521516366	0.045849839921236195	-0.05503620670329292	0.02272058726216616	-0.05548098096291992	0.046926447179516224	-0.06847445475853645	0.09461682333234642	-0.1103614677151959	0.025160054132933984	-0.09164622527756594	-0.012499351432762096	0.049827675163323794	-0.013744815375498154	-0.018946024753458225	-0.058133468517670386	-0.037161485304629004	0.046946042715515675
-0.09573634957444965	0.03477700723307458	-0.05250002819420813	0.013824586982982369	-0.03514660733189109	-0.019746232629052524	0.12032073474301863	-0.06829073349618878	-0.019923430869519716	0.0795015653511915	-0.04102406524932872	-0.10892931925535454	-0.022095150505252396	-0.08880259833962752	0.11462747810070315	-0.07248177370703188	0.024150320325176736	-0.09262475346664768	-0.04051971529327742	-0.04628050425240561	0.021054990641899963	-0.03803127335723536	-0.0477036543984678	-0.10067441519321536	0.11182290816076867
-0.0942305560348155	0.030739362333708737	-0.05837565438434386	0.05125010291726147	-0.0086888377204825	-0.004153677108309488	0.12609474501415158	0.07298828729700686	0.027448551165714537	-0.04729530238295092	-0.0376683073098746	-0.10031131631495833	-0.014812207891779906	0.024239973749628715	0.12471978681275246	-0.0549153202114274	0.07120288001285949	-0.08596528419975084	-0.020482548123466476	0.05164988206699053	0.06696601702664984	0.007900340441997653	0.02668803886696955	-0.07076496728464259	0.07552362316051534
-0.09366366434483236	0.041084259945455566	-0.03859900805680099	0.04790240592223243	0.023791225060310183	-0.054422214931623414	0.12261534667601644	-0.07159103770787725	-0.051302055611103146	0.05386401201064511	0.0013760176879152966	-0.10963725011744171	-0.004934331440425132	-0.042587044049258095	0.0467108530666595	0.006342792387329419	-0.019584683110475926	-0.026225517187199412	0.05813207635073144	-0.05472108635974548	0.02805708156650162	-0.029669859709760035	-0.027582379228471822	-0.010748874745148872	0.049829295582007486
-0.09605668282594837	0.027502622711187526	-0.049169484711637956	0.06132628115209059	0.016507190969284755	-0.006853058676766061	0.14694445762080618	0.04085622671363481	0.05986150884623234	-0.06808453879287339	0.05513936833481438	-0.11351119745242896	0.07082464251690417	-0.027448150326970427	0.06087553683514109	0.00566781484851618	0.05279502716276072	-0.018917064870981506	0.02647426139099733	-0.10194793838194666	-0.00028033737855961494	-0.033799442323891135	-0.02642489632809629	-0.11035892128996466	0.0034207236543001285
-0.08109524588252746	0.07583334220913922	0.010644560414273158	0.06758351764119158	0.019425612437570502	-0.09455281239113729	0.13940656453375339	0.032137516257989024	-0.10070794267404856	0.08384368953413113	0.04123383658776039	-0.10259634102212374	0.0871033909956989	0.10161222893821532	-0.0817934846183677	-0.0913620723310775	-0.03284923880572566	0.05340118764382577	0.15821008965520855	-0.11037722121375824	-0.06754794844683998	0.007051269934398922	-0.004327530019987043	-0.0488156490595731	0.030361491103134068
-0.09176497958473342	0.04920536689345582	0.06314779256868859	0.04138980161584074	0.05718409756540295	-0.04567145020814775	-0.06940495842172706	-0.07677147662191744	-0.014852078207075915	-0.010387505579072571	0.07318252414480574	-0.008111438479992107	0.08239722755080833	-0.03544635583942629	-0.060706468168002514	0.05242575033497544	-0.0647386587925805	0.06051589998950843	-0.010411683077149101	-0.09477654579849398	-0.07963615118913159	0.028003956968742735	0.07825634172109121	-0.12055969365096227	0.009234171064888518
-0.08403035855430155	0.01260611093787393	0.07496107858728658	0.00859477859269054	0.05365378115540216	-0.0028949378575729157	-0.19489377748292147	0.09706560055544793	-0.05196405615611963	-0.04875436852197212	0.1469407293453911	0.026359857101271145	0.16799890798480513	-0.0849451923152119	-0.08641628454968306	0.0333935254517394	0.06298880607917265	-0.05713237341787904	-0.07525128086178723	-0.03970632285706582	-0.049693114248176115	0.18063440915470547	0.0022475560123914468	-0.12585243253271028	0.009004113579749666
-0.08100066462328209	0.005156586920589549	0.09083659140617396	-0.038886898233555726	0.03718360694237395	-0.008420756046266227	-0.2645498030183551	-0.04616412522692455	-0.07632677587502479	0.03443287940326203	0.14836543604863242	-0.02203872682009662	0.11557612352022968	-0.08983269737153132	-0.11837195216269432	0.012675777063528735	0.028753930143685328	-0.20218043086355925	0.05202079512066951	-0.05504874368937989	-0.022958913203968402	0.17677338952320765	-0.059286538818610006	0.02415872869312454	-0.0064697454543599375
-0.09514517950475126	0.017148956227425988	0.07762883213868366	-0.05672755051864805	-0.021665751234135746	0.022040126047334404	-0.22053354006146497	0.04612631158704286	0.007543810205597918	-0.11093569175099673	0.121408153009996	-0.07567168310106831	0.0658643818875354	-0.06132831296000941	-0.05136187401314368	-0.04708003646647224	0.03395581639706396	-0.14045616126345187	0.0975456103681983	-0.07324379524275766	-0.021384719529423297	0.12960987552431422	-0.07313742298942844	0.02296516024051136	-0.0470809042374596
-0.09533875645377705	0.018898697155538234	0.06674238635266494	-0.06272481143780073	-0.060862893108642964	0.003305872817777987	-0.19820248510130264	0.028011646269923945	-0.055433533180814	0.08724514042202243	0.053283558638567215	-0.05802982676190773	0.024402151439261714	-0.07601382973297938	-0.04244437172949268	-0.05668546235898116	0.07034796832075789	-0.11764430806733052	0.0731141816824686	-0.0611107158421644	-0.04558727589612269	0.11638890496010743	0.005699153568315368	-0.006365707383373895	-0.06555531245579191
-0.09866768149936445	0.02457350820281827	0.0686139010639034	-0.06662532335924179	-0.056921677096806886	0.013860543932521112	-0.19516668281104863	0.0034953097607363062	0.02633192771254968	-0.09461723612662419	0.026937718826087	-0.09606559633283868	0.001692037420083767	-0.00929719179554072	-0.022532324246730177	-0.03697349777200521	0.01585977704869034	-0.09719842092544809	0.05791479455740477	-0.02091407489443188	-0.06434731371710811	0.11166042488175991	0.020209609672743156	0.03573099232793846	-0.05064812562541804
-0.0973848240437401	0.03592553185239799	0.042583716206375986	-0.028071454296216502	-0.02973195659450251	-0.018853787015222955	-0.09214766496239474	0.0431349877598371	-0.06843777523411303	0.06908469149454403	-0.10919799266314098	-0.11892943760703549	-0.1205445501382644	0.016356580784020684	0.02374092483892343	-0.0023259017380868434	-0.11441069513648633	-0.08293997197600726	0.05851190154475874	-0.01473845908627287	-0.039610389157547866	-0.07908420383509852	0.10701562481316017	0.06972208745433382	-0.0067779359405199385
-0.10822482871552683	0.04783414942556466	0.05392894328365596	0.014930162664827369	-0.007436751886414579	-0.030527359437890745	-0.061199467524940966	-0.06737869418250127	0.06442803083684476	-0.036875409218034894	0.02647022036509046	-0.04027368223217717	-0.04765606976565134	0.0692649091834757	0.01524883966279099	0.04374766809093478	-0.06036362584180804	0.07326787565770815	-0.0937611052482879	-0.041845163304537816	-0.047176384397776966	-0.040195180881101515	0.03078485930406555	0.0771090730819515	-0.05161062828515982
-0.10179525741326012	0.06087348668330799	0.08597106566498262	-0.040727086021170734	0.002156809090515582	-0.07561247065846843	0.01690093879557793	0.08685190014297714	-0.04891407127586452	0.027429749613254343	0.057681621507213385	-0.06482164412896334	-0.07518667334376722	-0.043390719731212925	0.013126130533622393	0.06821319989130656	-0.16528572635668934	0.1813013223352991	-0.3117581268661168	-0.22768317804103352	0.018438053597473497	0.019722440581596782	-0.11149101820900643	-0.034548408859439356	-0.07162363053918756
-0.0997848142552198	0.09711785089977415	0.10828250701646956	-0.012025036965883189	0.02777802596878205	-0.1297224119755793	0.034433270762323935	-0.06766485710250904	0.01216945087109535	0.06012272486495421	0.015005949289023284	-0.13475991520210887	-0.049472128680602155	0.20093522957902663	-0.06315626645875026	0.06047378066696643	-0.22124705392823482	0.03176842770482982	-0.03216405695202337	-0.028549203773322727	0.017313543818186825	0.12738765377664596	-0.07944368230764287	0.006624416468294481	0.13336012373666611
-0.10992605578029468	0.06298434830422468	0.08642298624556716	0.05699423972504554	-0.020557521052579	-0.01645121090071453	0.0012672496987660854	0.11584792489492698	0.06055707919540862	0.06794974650536902	0.10243536880764345	0.003496741926328191	-0.022794709855235046	0.0900957825985719	-0.002318815067272904	-0.0030909358327542193	-0.1061512187313208	-0.013168169889690953	-0.13971736084903472	0.03145022898502052	-0.023747910583923205	-0.029860645694162573	-0.014606689870624377	0.015048756400159458	0.04511802826547229
-0.11219181199613716	0.05510912122443521	0.07481377693930018	0.018085902603544757	-0.07547691232517527	-0.004081546343756739	-0.03298270798312383	0.0040793426620780475	0.10729061782360053	-0.005627193086965069	0.08196839736566734	-0.0011671789731648174	-0.028459981207193206	0.03197296046363377	-0.012096933643068656	-0.09452561475667126	-0.1497363752661436	0.020790767038223135	-0.08331872045216682	0.039162945899039986	-0.03528142512033476	-0.040929552419380795	-0.030438205806119983	0.13130335123919146	-0.015809464103073267
-0.11119111777196045	0.04349011738621746	0.06438483700232596	-0.04120811807823909	-0.1395030037195385	-0.010897824317023028	-0.007996745364350098	0.0447404142989915	0.019877859052748484	0.11657059437124151	0.0273612008450148	0.012089747956777381	-0.030776092714352908	-0.0261574692909634	-0.005063501527434648	-0.047809884709634286	-0.118831994827413	0.0028246212006333366	0.00862941995406229	-0.03882019613658263	-0.047095612168539136	-0.055828124927759244	-0.034742471231319634	0.15638170643037147	0.03505344010507747
-0.1081038628553925	0.03931829991516044	0.05928050426686427	-0.09572360126428495	-0.19889852642772907	0.03585049401558018	-0.014015713674027905	0.011877941243354262	0.11602629304503337	-0.02928481157717454	0.04707845352188983	-0.010597010857055326	-0.031021465847503635	0.0036486969870004205	0.004221227634426985	-0.09014932869328095	-0.07708615741941911	0.02071912388261187	-0.010629028438776923	-0.039717556541978435	-0.04396489846446181	-0.13735387288763248	0.00838277564671159	0.09982483593576218	-0.014809281479233244
-0.1082192268089695	0.03909025512530268	0.053226563029181335	-0.13861605555983034	-0.22403696861270747	-0.002641931153152518	-0.016644312367413434	0.0721301061119071	0.04967287492426672	0.13744546465940205	0.030078277095141763	0.0642494770993424	0.015624016792826888	0.039807862564447176	0.03302985532020129	-0.07028757106472974	0.05699971257674488	0.10605842416885705	-0.025663868398447386	-0.022123217981139476	-0.047265576201004446	-0.050666991931513514	0.02545665934389811	0.06382572615323781	-0.06137985120994394
-0.10707113900315156	0.047557760059888654	0.06924517740598861	-0.13267279573558524	-0.23085525158192433	0.013462980878572488	-0.04197028443130826	-0.08625268003038088	0.11258088358645303	0.01615329693238463	0.03187184556967743	0.051982362811812205	0.02228934924467522	0.08435593020845741	0.05833842540533315	0.11184429866179467	0.16889596446975533	0.14238417939056314	-0.008032704467315126	0.01616576578134956	0.03144571922342097	0.12682673199893196	0.06281582832145179	0.22010199226665617	-0.06921997954481146
-0.10033878669731242	0.046772925285109894	0.06441824584117743	-0.08082591829630976	-0.18321675695423667	0.011239708112044859	0.01993302484750386	0.020206556793627005	0.11700480383270245	-0.09718010597029549	0.0016022722503056222	0.04917872576244656	0.048551883325621256	0.1856067331993528	0.08944355097506167	0.2792818359215559	0.2280326032916822	0.14296335519935546	0.05963437352598632	0.029544555978556652	0.12684809262633012	0.1894756786522532	0.16604098661574834	0.21236907034179042	-0.0831508348240918
-0.09390926841165234	0.049331328703031245	0.08603736186349616	0.019981034326198164	-0.10520925413563872	0.030737784460946854	0.003852247039872163	0.0060847321015177975	-0.014128462770513047	0.1616002086786231	0.06780728773569673	0.07765833711530308	0.026863507075121546	0.10407771843096984	0.0014752202171029434	0.08684734071736752	0.19516499306001342	0.14926089058276332	0.04175277352930065	0.10358215680565021	-0.008215901284124676	-0.0827963405472602	-0.16227869792190083	-0.13142204636458987	0.12387234228754096
-0.101841468743803	0.03810348994104398	0.10105847313971945	0.03786565120461705	-0.08038698832854774	0.057693229039606574	-0.03523821079489125	0.04331633946899885	0.031639897679816696	-0.0447164709725697	0.06020942754451691	-0.02687389908808844	-0.03078821062195169	-0.029506108426073083	0.005472945390193824	0.0553006463071867	-0.009175201554837233	-0.00727740490326928	0.01329217071426933	-0.038539885956368536	0.05149390870509794	-0.23594743669235585	0.009594383421001024	-0.16568344590654427	0.12090725135092317
-0.09836774031282282	0.026502969253330056	0.08644479709826737	0.05325816869310044	-0.06266040085725087	0.032605287415457526	-0.004303296763838943	-0.053885964962768505	0.002960442509891867	0.07508941933617487	-0.009780418168658633	-0.04836979959273656	-0.05009472291297957	-0.03701173925456236	0.019339048763588728	0.10326001407708993	0.09580108773989184	0.09384959803716757	0.03504487007769158	0.011351787307815345	0.2005346672925331	-0.019360321523547205	-0.02106006693824994	-0.059520259288334695	-0.060267356419185195
-0.09543062920487183	0.035049451681462	0.08331059975160618	0.10568524005909521	0.000495577171262538	0.05314533092049012	0.04748814963771037	-0.012912719536953719	0.047201320443237424	-0.08958249791965973	-0.03334610445975477	-0.1203957888128842	-0.09326916299781672	-0.03174229661207241	0.06530380779576712	0.17168868010557486	-0.014689643869469747	0.06758055156203377	0.08181861794641636	-0.05061964853301298	0.08762427025796443	-0.11690454315043161	0.08583596399965106	-0.15293023585453658	0.032478757213645376
-0.0901655142234025	0.02758687061302047	0.07844904014624335	0.16056639356995134	0.0431853557178704	0.027941307666992047	0.04752599453263727	0.06600976199568966	-0.017556593179230907	0.08470750748714388	0.0042381258464269074	-0.023120621458871463	-0.06120585043741591	-0.013808068945457958	-0.00501508429226428	0.05580991715239601	0.04990015785579349	0.09284357149812152	0.08917276486652545	-0.009964515572015015	0.11027858724603554	-0.09488146757310453	0.11791688927406777	-0.11400359843731572	-0.09603591908878509
-0.09072674640635317	0.028663616155377276	0.07712894246241936	0.1625233957745339	0.040282735005664025	0.025642512768801043	0.024919932365666524	-0.08858866720876246	0.06825178081720719	0.005112801061269408	0.04017971512371131	0.012935991554474006	-0.02478328696973446	-0.0008935681390940301	-0.059368171342726775	-0.01538176975335715	0.01354439083806008	0.09442726147617694	0.10805380855382335	0.04846116852897454	0.07510814011942135	-0.12173962059226605	0.08756299196339397	-0.06300824472416727	0.0034753927218598053
-0.09248602064611418	0.00029855056058817844	0.06030831912274262	0.11766591884906923	0.040894234915053417	0.0038401319516196955	-0.10378404782578762	0.08970971357584306	-0.029611185057562554	0.044285723941086395	-0.03796034398692079	0.0681951742168133	-0.039874672036368256	-0.035794636073426755	-0.026330244887488405	-0.05407109313334759	-0.004898846723327801	-0.035126329110539256	0.02473408530990466	0.06850490196726947	-0.06818875514235749	-0.04142751785402306	0.11191130403967472	-0.004663222683216346	-0.034903932849721805
-0.08624807318757736	-0.004010518213509226	0.029550172343704505	0.12620868575410757	0.03888840157638756	-0.0024966777070474138	-0.0073281659353727855	-0.12355341397363459	0.07130140523661525	-0.02552917778483229	-0.07974346761820812	0.03178476627633599	-0.07822144969412202	-0.0054601053681487145	0.020283902951201294	-0.06409028062183725	0.04367612064429929	0.13560137299374167	-0.02830724986622591	0.2376086457739715	-0.00450916169990441	0.07318992020646123	-0.17232792186580453	0.031091439434461896	-0.02679209427000348
-0.08112923589978724	0.005724943347653647	0.07464420772852078	0.08657033814937912	0.070196082540113	-0.003877460539008001	-0.09568479951501983	0.0593332113649263	0.04966233583658562	-0.061032105770845765	-0.09413882421828376	0.025508270672129345	-0.013678401735965382	0.06457019530044342	-0.02248711378194744	-0.05962563424137276	-0.030379870155401906	-0.04810769824369261	-0.011776807828505442	-0.026387293149253026	-0.09100317773806439	-0.0007079121238169964	0.1190223033655913	-0.002176143914814504	0.010943602113680298
-0.0905336263410704	0.017317898264070573	0.09344863690674218	0.08297944917026545	0.01681790955783113	-0.023314112269629393	-0.05146207655814855	0.08816606011075333	-0.0004187525207662696	-0.015978002373275256	-0.030324105981810973	0.1115248828096144	-0.013527743299655361	0.0709709004410278	-0.028108529996462798	-0.008735246054323572	-0.04296498716804975	-0.0023918486068528113	-0.03440259612016857	0.03999595725471086	-0.07510339108822373	-0.04930481185770593	0.05918471050947786	0.07425764854451669	-0.00299331956707128
-0.09441613560905757	0.010227457357151271	0.0801739872459988	0.042410287366199735	-0.0018783541881036486	-0.054769207233305604	-0.041617888829246955	0.04589134569254163	-0.026622654643779182	0.07797539731160737	-0.0007928571532710675	0.1366808786480463	0.02175038784818537	-0.018750771202525777	-0.03033653270085413	0.05290512209266234	-0.0817149495709338	-0.003283575386253273	-0.003267748097621837	0.04197241153093913	-0.05085971688857824	-0.08710379207275737	0.00835430466844013	0.04049868112923108	-0.06397589558350453
-0.09550551107173633	0.0036635394465143224	0.07918638028328288	0.022575215512284374	-0.02149441133343354	-0.04143726000915682	-0.06871958549395327	-0.092347040202083	0.041883665293761425	-0.029615803312399224	-0.01619892339577868	0.11082225547081669	0.025110347705764046	-0.06119703773005098	-0.015290265394823511	0.04375075477503875	-0.0448177390448251	-0.002784665626738063	-0.07623096947166719	0.003008483520441956	-0.07431182112972565	-0.011167838170776191	0.0010498153062312825	-0.051350645864829736	-0.02263200532218748
-0.09171828360158149	-0.005716940799542733	0.06957384098316421	0.02835395190084521	-0.018574596745839746	-0.016185896009695694	-0.07837811186376786	0.10452322974992621	0.014274835372152383	-0.032977818577305834	-0.10419831830366562	0.0883091418784041	-0.0039150832848827664	-0.05657668713343888	-0.014007028710868947	0.03031595972982025	-0.023909030672190166	-0.06713758536650655	-0.08861580858484538	0.04910707018439035	-0.009287479485641924	-0.01755922213864009	-0.012253197272666634	-0.058676899619655665	0.06043674169466546
-0.08547940337193002	-0.007012332480792294	0.05249824440701438	0.010061187327172916	-0.015756744333533183	-0.0588200595505906	-0.0852675563065478	-0.0917380475316422	0.03043025819226816	0.023464517054457054	-0.12444574336735836	0.06262434296453495	0.02703046376598359	-0.05307334721690066	-0.04845468944629713	-0.08042501040589274	-0.012004996838184026	-0.04060253437755004	-0.05461523246138828	0.05450960467590572	0.01970061561746769	-0.03913234274401102	-0.01223859333853077	-0.03716810955487888	0.019307129158502065
-0.0921196049056078	-0.0015906525762133163	0.06677047027528554	0.015544892157157758	-0.024356394976510678	-0.029565664968714014	-0.05800149455637381	0.0923187031283015	0.02602752805945433	-0.03908982564676271	-0.13662418084823655	0.06740002062243029	0.020729355956380525	0.004705997506589145	-0.0191053508046643	-0.0022954150327676244	0.00689620551228859	-0.07126765564763689	-0.02731468251236508	0.07659023131225604	0.030110822251046446	-0.046731601507258407	0.015015323539329304	-0.03460412210041137	0.05269783967213876
-0.08918051265916264	0.0014693146076473552	0.06670161642354808	0.003357744947783632	-0.016615153921401338	-0.04524941056686562	-0.06820382955789638	-0.09806814130888435	0.02444689518366089	0.008100622126565898	-0.11376941853860256	0.05861179556023513	0.022100916025275814	-0.07396544523172868	-0.0043349662246602175	-0.0001863820836031542	-0.003388937118686065	-0.01688663461210408	-0.0001875230057286157	0.02344216987962912	0.03439983462020807	-0.0570428901070048	-0.016636434457896858	-0.06848808056027816	0.053180481205961444
-0.08592561055585875	-0.0029601666519560063	0.06703686153211263	0.015801145860395046	0.017384436310747355	-0.03566454382966853	-0.07267859904623065	0.09107976390094932	-0.017492165401987076	-0.03127577465303014	-0.13673091628343156	0.011689475405767239	0.04491404282937229	-0.01704392864275374	0.03781777713833441	0.014331576327631053	0.06275385500675469	-0.02476450277995263	0.024042567287426937	0.03817275053787738	0.06881092547281219	0.016801555548854697	-0.038791859041051584	-0.0895291155219366	0.04073476926273767
-0.08213464291206064	-0.004204605109790632	0.06388754340651041	0.03859318645089035	0.06742354420021934	-0.0735658045462118	-0.08128310960489049	-0.10173604251083862	-0.0017117746603650954	0.011198182296373907	-0.12440029690281036	-0.03331320859035894	0.034273075623898135	-0.018982355958329443	-0.004122337244873766	-0.06109591518963448	0.060784426637974565	-0.02203491923490145	0.07481795272097794	0.01309179342154259	0.09671598903616108	-0.006558377694924074	-0.061261607381358205	-0.05339364836868587	0.01272678967615111
-0.07624229822701382	-0.0005917757431638418	0.061405970501659066	0.06042248971114548	0.09938655591136793	-0.04534140459400976	-0.06414851676599968	0.07070250833403004	-1.970393798695201e-05	-0.11215465402724427	-0.10669146066424443	-0.035071473266043825	0.051158189820248445	-0.0036058833163594038	0.03162407670541499	-0.018000835119798088	0.07246617256463299	-0.006417301715684012	0.09231957344445473	0.0339218703220671	0.11430424744925745	-0.0701134227505598	-0.041312361948974	-0.04973716760070146	0.02363962699993153
-0.078978107808335	0.004009108912105588	0.06502919265414106	0.051803841512337113	0.0954033530533007	-0.0660828101915289	-0.06734817466214812	-0.06016350544079024	-0.047924807679983195	0.04647733249463211	-0.09254889693045086	0.00288693547148579	0.005860169006883811	-0.0336222062650793	0.0024325460412585854	-0.03018043741988997	0.014741016077260822	-0.01459775399353374	0.1148286032842449	0.015382567307269925	0.09867974034792289	-0.1074103629869828	-0.07079723507417124	0.030857811473613328	-0.04298419491221367
-0.08372511232023472	0.009584747497535497	0.05833318855463195	0.044177399398693834	0.06646614144459025	-0.03711105900320668	-0.009376348125831619	0.03403630833200913	0.029943993970286117	-0.12370997934292273	-0.036244330663167706	0.00015007397410301504	0.03321681592606309	-0.014215475389285841	0.008902974898971306	-0.04363298666528077	-0.003325428185241633	0.04827134617980608	0.12846906456501886	0.00620887584566536	0.07351401107351511	-0.16203734507494266	-0.05557783645044889	0.003945743553383637	-0.028999214585037413
-0.0728178611963711	0.0021314311896184013	0.05852507437399065	0.029760175837558852	0.04360854604094446	-0.04930811136494994	-0.013995391748214259	0.009982687469719477	-0.06521625052594734	0.04842295403014051	-0.07555991651335502	0.08071131342141903	0.02061282217207949	-0.04062141560064521	0.016966757131193493	-0.03644994053673303	0.03266985968819334	0.09296663357005905	0.10538242747989923	0.0296412948992216	-0.007146853882200703	-0.01738161897170199	-0.06633004076907885	0.03653150086401949	-0.08505093891395055
-0.0454770528850695	-0.005718757836959152	0.03506672493586446	0.027272796495261847	0.07952752915770615	-0.050213351149376896	0.028670292125522006	-0.09750217579211404	0.010374372482756697	-0.13673368501190555	-0.06298284972680707	0.08608400303215694	-0.017172805940417066	-0.05214245562163163	0.05817081709150744	-0.009380667432760363	-0.02419877194926123	0.15091946557448796	0.01634032231674047	0.02708677553304947	-0.02814398334131263	0.046791550834262646	-0.023612792097059597	-0.017973652681759822	-0.0629010352900587
0.03198766306836115	-0.062266896050194344	0.034766578486227294	-0.049208338008739035	0.17861047505297542	-0.06623351199784268	-0.0888406531022325	0.042766575675359644	-0.1189288959494884	-0.04883008089306738	-0.0338235997376579	0.037707585199283876	0.08630860988214005	-0.14875235666642375	0.23426950132754668	-0.09653730163176494	-0.020027836771570738	0.10644295187926356	-0.07106067460657962	0.009704496043897627	-0.0739115311921172	-0.05073224746247001	0.17218678428277773	0.02743452529332474	0.02711552208574366
0.03925647961030632	-0.03630171136634958	0.021240777202961875	-0.12226943044616595	0.14671431356337508	-0.07615938533305226	-0.06738246652428014	-0.02637730539548941	-0.07351916075285533	0.01255579153947604	-0.032225325584744564	0.024378291257414912	0.032944214838500366	0.004653128293115404	0.27783210014968546	-0.0229056576248119	-0.09937708830807684	0.04637880697575997	0.05248012154521771	0.10706137384007657	0.0540590245317745	-0.08656330321458058	-0.14881508874848484	0.12258329327596881	0.006920152958623499
0.022438953674518033	-0.046669862163036854	-0.0004968328990229034	-0.10434154436219127	0.1135298425631462	-0.07819155150002927	-0.0058778520811179485	-0.07538348329138245	0.0530284130351052	-0.015565744267893323	-0.1148195010784428	0.022416584253413297	0.015600212533833115	0.06824966883490027	0.2568598418406913	0.14341854840258733	-0.05444635230893212	-0.013737941451154922	0.0969428474224859	-0.07474837503487056	0.13514681653233668	0.0449019380887435	-0.08163690479509357	0.04133625219904251	-0.09939678104096056
0.02525432135157282	-0.022521163477359968	-0.009986701901130574	-0.0793933083095878	0.10783221361185426	-0.09722725376655772	-0.008651080016029525	-0.0221044210414247	0.12606882421681423	-0.07091872816433163	-0.10704523553476288	0.1211721614457813	0.0862887923561799	0.11566635145583219	0.09842733069024064	-0.12926974132834368	0.02319915466131028	0.08121261079125347	-0.014907891770654113	-0.12842657581188208	-0.1060552172109159	0.023369967902756274	-0.01722475471079029	-0.07468774960874877	-0.1598629790481162
0.03719952986204482	0.00828265064973857	-0.007507828367752069	-0.03823372593730168	0.05500037446588164	-0.16102067462899625	0.03724656253511234	0.06456029951714486	-0.075394701058382	-0.023681163597069756	-0.13239344426548397	0.18342771117692122	0.11300271302171223	0.0970146213888426	-0.003698272681549158	-0.11057734459855668	0.04980610004077995	0.09567581631033964	-0.037614288347908184	-0.02923215179226325	-0.10483331949762383	0.04839364524402515	0.012076120164076469	-0.07221226588068982	-0.13565203220545224
0.03573262657631515	0.01757214710319592	0.0048142530611167906	-0.08450805053492837	0.08907467241210931	-0.056723103997495465	-0.013371758658059668	-0.10777399839838135	0.025606788839534766	-0.026049339729772084	-0.12080422767452328	0.11953680281441081	-0.023610076386165028	-0.053188055851174386	0.036905695950875776	0.0472221164918067	-0.14718062736925874	-0.07726336281082849	0.030529516429823555	0.02182535822999096	-0.12119223691735846	-0.06635255660787578	-0.04291145447002006	0.07852613315607962	0.02926639963979414
0.039349534775746924	0.03530632229076935	-0.0025586700148872658	-0.03544276692591469	0.023373264913660614	-0.08436533712474877	0.06258918095056228	0.07286384356984256	-0.05235696291549768	-0.11345919279486885	-0.15952082668826723	0.14406932474194453	0.012699848508898695	0.03307897125985326	-0.03602333649854726	-0.01554984563569613	-0.03134123272704398	-0.008946321943776168	-0.032198658998017535	-0.008091851080299748	-0.01031789629101169	-0.02086395566506967	-0.10621311131561756	0.048229409671822904	0.04094611243575447
0.03599326165417628	0.04034235990298348	0.03338958325648026	-0.10428177044298241	0.07138335800981968	-0.005569850600000387	0.031088785853694123	-0.07426187526266433	0.008875194026910125	0.07830472366988142	-0.10978446450665401	0.11530031182716718	0.08808808904433696	0.038574069620445954	-0.034592131447006416	0.006753717514447499	0.04626975082995461	0.11406522859487075	-0.00403809832633828	-0.11057084130757702	-0.21514039057579104	-0.028785353545538822	-0.11116282965406174	-0.018408844984184485	0.10256437499352859
0.050654193870307035	0.03851744658331583	0.021664165418937863	-0.07343353048666548	0.08687068319850197	-0.01824892940405242	0.041152480500242145	0.051745186512208316	0.08549078286817505	-0.1146401688970656	-0.08892414550106031	0.055808024527373476	0.0016167353342023108	-0.0072785173541293465	0.03084880243639086	0.06518454523864851	-0.035943129462303026	-0.004399544747823746	0.04154146231542227	0.023405017501862264	-0.01893522094685319	0.010366690398775415	-0.1498119277099602	0.12329748472769692	0.006692602554484863
0.051481882655994946	0.02771999412894766	0.02951945587277471	-0.0992975699940828	0.0903378112637732	-0.06356785358204659	0.013273267623268218	0.03405149351046531	0.00823120381217004	0.11063008046674673	-0.07399431208956968	0.14149250048921097	0.05037584033785067	0.014339275603975223	0.02329523834307007	-0.08596828992635057	0.03233606525333749	0.02475523799217329	-0.024488587786535634	-0.07733813178376484	-0.03891787175090257	0.02304509357562963	0.0415247161606746	-0.0512382467057835	-0.0856427932870715
0.05375111136914412	0.05606833302342923	0.059004344461744206	-0.1225716127707029	0.061943925652005585	-0.0103334668590989	0.06244132093127699	-0.09301634976225229	0.023063382586617158	-0.1093533490352517	-0.008003721494363555	0.061611817437591095	-0.0659270876618571	-0.10795276688762227	0.035648532024120445	0.13302716859304833	-0.1345295609377182	-0.11330761865068772	0.07221983366687065	-0.023161843898963946	-0.05642088995127726	-0.06402245901234732	0.16478293734005195	0.0667534169684604	-0.09069490845571176
0.07044279933379972	0.06831414224743193	0.036741698235894876	-0.10439729650022232	0.057784806953480206	-0.041066230522224245	0.08082208185080371	0.11804134401440808	0.08042195809658578	0.01071383269418049	-0.04597986515472483	0.10282774566962807	-0.03766431112302967	-0.0296950821661985	-0.03377261969796563	0.030564797047823732	0.004310581059321501	-0.02022433512709036	-0.005983283486907598	0.01779153053865872	-0.002718121388126441	0.06557405866054122	-0.08484792769442528	-0.0720573279741308	0.03337103576020363
0.06237484353973601	0.0630118353597088	0.05666536281766148	-0.07518948815374457	0.06668461819896919	-0.005634209754572589	0.05156415484584722	-0.09315665355779153	0.0804116046952019	0.05686113703395667	-0.08335382489640697	0.07343092776624952	-0.055334008617801966	-0.0661515519075124	-0.026309239720465023	0.011225802473624247	0.06658281779361744	-0.003236972643192261	-0.042064316611782414	-0.05039435638846472	0.004507753205969314	0.100863214255626	-0.022896702215583153	-0.0524674864858347	0.05294790432580561
0.06779615785644275	0.055699533396983664	0.05272118863481739	-0.03912803952378836	0.0813583967809865	0.013483207689347246	0.04382387020125997	0.11058781072301185	0.05320043612036752	-0.027966804253793835	-0.08644430029403574	0.02214101217847801	-0.09573840995064858	-0.10913923664350693	-0.01358490695975771	0.03008413553050705	0.027489638408681013	-0.020091355527055845	-0.050151900532793774	-0.017540001822147752	0.06837829497278945	0.1038672361685826	-0.06309116655974675	0.02551662921159291	-0.04069274430549794
0.06683860142897201	0.06693819738782394	0.05510977581416606	-0.036290511360331755	0.08767642595723679	0.011887351900560061	0.06058027904209464	-0.08090821324569925	0.0877357968427084	0.06528577834283719	-0.060284279505917304	0.00981183087806497	-0.07892294828764022	-0.07749037782249615	-0.06736551856588512	-0.015193177142635874	0.04236321742565961	0.03909440588172471	0.020624071232465263	-0.05535404830233248	0.10653879238584894	0.05934328925856752	-0.1085074142516407	-0.015489772204315203	0.019023781028133575
0.0721941886303481	0.06395711971533866	0.06620913726244672	-0.030733186411772716	0.09429343194497739	0.011351662791824929	0.0719688906732412	0.0852010420638815	0.06665734864070388	-0.09296681836813882	-0.045303887744963946	-0.0349001433797095	-0.0697576632822306	-0.08351416236532395	-0.05674865847286927	0.07192355444346264	0.0027408218247966056	-0.005994669836101377	0.10325543693994754	-0.05652530925592937	0.04738307138931389	0.026149012906565187	0.11201863585361918	-0.01555203737714115	0.04316850805753394
0.08452679063692738	0.07620847886781221	0.08736821508563175	-0.037480963197577946	0.0935024284294613	-0.021033487951084437	0.06977848073691181	0.022795958673765247	-0.015663442913097392	0.07121836801441189	-0.004687506883343228	0.003494012605764911	-0.10139765605943227	-0.09899441421836899	-0.06299407117739654	0.06773406900318585	0.03301489962709221	-0.07115107864819221	0.10891163494579395	-0.08050269588041076	-0.028666828242801028	-0.0020661806193256853	0.22431160702914932	0.14802217699949205	-0.14727198312141002
0.09500516220424693	0.09291843103417839	0.06594007450794005	-0.05061220858182449	0.07328830521882607	-0.05671941322095928	0.06571880689522952	-0.032578049472104784	0.15856025825737358	0.002991928699057607	0.08757712037749155	0.08839709400395883	-0.03590073956789104	0.05750357983580992	-0.09262767920657776	-0.139215301125093	0.03243819019847859	0.0575091549123312	0.05642691829179078	0.012860400408725103	-0.06340698333339725	-0.03165047588430353	0.0792031210164256	-0.04880649722819158	-0.009531002758296903
0.0947411501946722	0.09152428529387563	0.06592064207484118	-0.05303699645141278	0.061282472456420496	-0.024174381978678963	0.08106103888065716	0.12771917547176545	0.05670843706503884	0.048314046127175304	0.04410608885143054	0.07717484615332897	-0.08269633310050621	0.007414155153753061	-0.10132610046069927	-0.05033234166796641	0.026128705487546137	-0.006184080417809094	0.08464994381880922	0.04939329878042464	0.009082930548752165	-0.04485927857083748	0.006433543698933536	0.0020705260552966974	0.08830064075486399
0.09770038769364876	0.07801148447996988	0.09762407425994675	-0.07024329178958778	0.04528704600010381	-0.02618081942407784	0.05059990526388779	-0.09928402193363983	0.027317315786831435	0.051185945299597836	0.07276914023085407	0.05373609248412801	-0.012134382114733581	-0.03537451189338776	-0.08244677857264492	-0.01738638164182371	0.20928424408104485	0.05697073944489735	0.06461861139712423	0.013548696584690635	-0.09715709367194221	0.06524241898699745	-0.0816049594999775	-0.0036468055163734366	0.17509211141128617
0.10054555550128576	0.08403940223705784	0.09793517802833478	-0.07059809584259588	0.03449223119206051	0.008798515725762557	0.04443823397268912	0.06850924175671483	0.035510984196873645	-0.07335155194416344	0.11459693145300182	0.030484828079192516	-0.06265783741105638	-0.06437794635599813	-0.052632809731502	-0.014580162102710814	0.08058303753790609	-0.07695173923818724	0.024450429735538133	0.04850011166230595	-0.07057527493197782	-0.10100946997019983	-0.173608653377406	0.10016508735694446	0.12045581755200599
0.10008686273107235	0.09522568531291811	0.06520478865888624	-0.05744836936430151	-0.056628132539241684	-0.09631070889641791	0.06580224330988596	-0.03149705993395689	-0.07286437853362839	0.01668194620174949	0.060546030627534185	0.009370298639075451	-0.11622438208176358	-0.123180849806945	-0.07318149602877219	-0.0007899002048216267	0.026291701191988787	-0.1264607889552553	0.04508551676524568	0.016483571541618103	0.0713036456822341	-0.06246105646569694	0.011717322248809394	0.043302855777680074	-0.04406529705883544
0.10268896287924476	0.08737752905587003	0.07782060092401856	-0.08835817341762506	-0.020956577572892567	-0.019708155017919997	0.05183122024342004	0.0007801785120881023	0.08286429666164279	-0.11195149121361271	0.0530002741058408	-0.09362790597261972	-0.16476648714257866	-0.15229236536122054	0.026922299686490955	0.11664067072235314	0.006873779344652197	-0.14369270517404772	0.05603710946610993	-0.10127388648966258	-0.04333483684330892	-0.0389026865514889	0.07789298577881593	-0.019262895328480523	0.02563456883723491
0.10969630784305918	0.09291950829697855	0.08302664483197204	-0.07477713334979176	-0.007688628405317849	-0.04617131139767231	0.04075685736983954	0.10019218915559827	0.05846533181227158	0.10025417024922718	0.050648720182742225	-0.013263315072334985	-0.14509922481326534	-0.0338739053237957	-0.00028494411335809426	-0.07630213756701872	0.2073509866633282	-0.033371143856611565	-0.03699441508255066	-0.09039107002174866	-0.05061649627057083	0.042349505637557766	-0.009049800481575856	-0.09777893624014918	-0.08679840630691066
0.11542730359325215	0.134392613937003	0.07686687940348842	-0.007252893926366667	-0.017842672022106702	-0.09805115293049149	0.049319213815150205	-0.1121381061865721	0.03850565530114547	0.0010853836057963888	0.10957945398972668	-0.05458350209808517	-0.11126949403687071	0.017010501536529013	-0.05949968549885433	-0.08198463586701625	0.2245349771761585	-0.04828150034061563	-0.06495569613181224	0.1803066077291479	0.038615485585162444	0.027414266524472628	-0.11792165669414137	-0.015882798456128777	-0.054727744541775133
0.11371014849891285	0.10569235722282691	0.06491488749969783	0.01979126902721307	0.006267478660214992	-0.12497818260177385	0.04097652784134564	0.08154268627212166	0.009209762129685571	-0.12272152014861197	0.05946422657280056	-0.06585902900808396	-0.11299476375733834	-0.013869424079129236	-0.03979441218474489	-0.09035102965529813	0.13002259930938875	-0.12841769854143004	-0.07431860663334476	0.12124331642760985	0.01444582415684921	-0.04141479686270043	0.053684711438592936	-0.01506035188448664	-0.02762027494038664
0.11599320476049561	0.05990584897973305	0.022486574922032335	0.01960608006619283	-0.009784593022195476	-0.18238879776799105	-0.03661589391439277	0.02754137824337704	-0.056078778019515	0.05610051669763399	0.11257854281825899	-0.1128254233194726	-0.131626265816566	-0.05092358915227936	0.0849167967971048	-0.03499050398239786	0.006514133031415931	-0.028009701513631878	-0.23427599947879466	0.15580513422086423	-0.002222542512597056	-0.09114014801785504	0.037441182401452826	-0.011787672737685476	-0.2044394521226962
0.10859152663085267	0.06589098610913996	0.07268872141625632	0.003987409290343642	0.025957925719982063	-0.29998969245770063	0.011463830122362654	-0.04697472024208099	0.01455034151205663	0.04084954561237811	0.11358513099223942	-0.14845545056105877	-0.07293285220165202	0.2356009486855882	-0.06967083125493784	-0.12285476410759757	-0.16257028055470704	0.051428407614203156	-0.07400842084228854	0.022036491495834955	0.13043890993667825	0.14854824814357848	0.12589458923198601	0.06959730137377783	0.15162075361169536
0.06412526424436274	-0.049042199782517525	-0.0289334786026577	0.0026433532021127087	0.06256813350316193	-0.02845466969584012	-0.026573130828202406	0.011434995052038766	0.18394793859313122	0.0015139670651892411	0.13983825173867703	0.03955833342383805	-0.008526571374771837	0.15643736799888555	-0.03756392668976455	0.08685824632057954	-0.12276662075844046	0.004806186423444825	0.056234956784493445	0.17186633899143816	0.013504677061608888	0.06303948482716717	0.11287703794830459	-0.19346830995746794	0.0664973900492012
0.05083443849516036	-0.064085476494158	-0.07040331469427583	-0.011023277469074916	-0.01493964062346238	0.009011970947178484	-0.03140241084551966	0.12446896521604318	0.10866682905964281	0.06904285480547984	0.08304956457748337	0.08609021575168083	-0.013028713622003116	0.010765051780216126	-0.023334674450216884	0.012216325600066741	-0.15141189272291022	0.010075694275970763	0.05458772754766336	0.15442513659470086	0.11250645702177	-0.01590385524693253	-0.005168071598264337	-0.05518295913925314	-0.0013172214854953249
0.056233185358458865	-0.07690705547259118	-0.07354055435468483	-0.06787662354673696	-0.06713519993672581	-0.003514292890064018	-0.04779410301466921	0.030936395831510245	0.12991597106466235	0.14889000668440416	0.03923664814431905	0.07880460388552608	-0.012696832712324458	-0.07941405295937748	0.00867894145914223	-0.03879585175979077	-0.15283440137899473	0.013567461806892653	0.08542560847779936	0.10856421846426306	0.09953175269866965	-0.052105567960950415	-0.014420704709466763	-0.06217987339378324	-0.004183824657347031
0.0629362274539752	-0.09135096935761065	-0.07939177116784474	-0.11711331806629764	-0.1211124316735519	0.009812490998610129	-0.08107645164808437	0.024222436422824657	0.21511635504417892	0.006191690818371098	-0.03217157926900779	-0.0411220335998797	-0.02279321667208464	-0.06864101664868956	0.02794184992786902	-0.11840255743283448	-0.137637379239293	0.03826139176406735	0.116825112032367	0.01695455123574816	0.03315640637719646	-0.017406716282227494	0.039070172134067195	-0.08761021830634236	9.786176910529104e-05
0.069771101261843	-0.08145845156780186	-0.07236452975738124	-0.06551993026961986	-0.20634680570174185	-0.07463672272733327	-0.041560756141756305	0.08080621552983996	-0.009396871566990756	-0.033403783947212815	-0.12286274372620506	-0.02050999345332163	-0.030107796160960692	-0.0004657333766591575	-0.02857405376132182	-0.07575796931444519	0.005869064671123339	0.029433166573081572	0.11513478363156719	0.010295262259992652	0.025379622124628055	-0.03198779971758946	0.07638664549271353	-0.08513725438993058	0.04259889289909253
0.0732694961358268	-0.08147785466335311	-0.059540654313879664	-0.03535198350617205	-0.18592701669780576	-0.11277470003164103	-0.04319822640224771	-0.048990075553091345	-0.02989153023808522	0.02631816454591282	-0.12408786875158602	-0.0039859443561908355	-0.05272110289507058	-0.05119606243463843	-0.002389362324338118	0.0716021318600378	0.03244927548552906	-0.0006972965996128108	0.010611266920820088	-0.010445508810797116	-0.028291272395027864	-0.0712385314831925	0.07320707985570742	-0.03811733779153305	-0.032133588985549036
0.0803279272505412	-0.08398396061498116	-0.053222022399279416	0.0106187443821379	-0.14833907145350322	-0.1189820080500202	-0.04013447894587562	-0.051360930244215834	0.08985108279785887	-0.09999920723469474	-0.07555078839275832	-0.032819475887903383	0.0002793258904940226	-0.025534197577656546	-0.026563389981559698	0.06621445519274637	0.004748044745718976	-0.018609060333884406	-0.0319854301426962	-0.05768868785230884	-0.11972283815737024	-0.16460585003536343	0.10337250912259117	-0.032660485422312605	-0.06828482648181038
0.08142555333385576	-0.09330475925353895	-0.044193858529155736	0.03265398182262811	-0.12740757585907866	-0.12972234441727518	0.0026019223046431987	0.09860803517180086	0.012637895505643612	0.013963829606146932	-0.06980270716863014	-0.001204505734684778	0.06500069778764361	-0.036378024955416144	-0.0449220520665809	0.07571316342900686	0.10095257744813055	0.01960546669308098	-0.0433659704198196	-0.02633175056756608	-0.13060754373876618	-0.08557138016934594	0.07304023930238167	-0.06067981697346978	-0.033863907215865005
0.08067050257346751	-0.09380264578160036	-0.039174796175223354	0.06955465449925681	-0.10019567189498828	-0.14131196042116592	0.005947033688730953	-0.09601680580673504	0.05019810944592007	0.04583107841991941	-0.040567467944575435	-0.03429491940721772	0.08764701665770347	0.025791063517074768	-0.09076136712785743	0.10392613789120488	0.09435142921137299	-0.0497321765094395	0.016071748302521307	-0.02529165444047829	-0.08887033115463815	-0.10298391046262052	0.08270989754510959	0.010590398645390721	0.07855158829489274
0.08865652541062209	-0.10773974973577502	-0.018430077827112323	0.07917619269090785	-0.02297435236951631	-0.0804390602800481	0.007916105837012032	0.12807051973655725	0.13982090291425675	-0.00363924497317523	0.039912727580921	-0.12963972706053692	0.1594895394658706	0.022897536923865036	-0.03315506269637005	0.1706848527216465	0.08980914747229603	-0.01862394431297873	-0.008164894999172702	0.058651956398324774	-0.16774333376133377	-0.07066860573363105	-0.09684831540323251	0.09249444185141133	0.09473836019462892
0.08352559382109066	-0.0907838667163864	-0.022701871688471424	0.13913569358168607	-0.059222704687996966	-0.14973960757536245	0.0043405609159535095	-0.07356384089413419	0.003934669425045231	0.05521244958896176	-0.0227819245914869	-0.06158433463291165	0.13313394779800614	0.05273058610481576	-0.1346970137020138	0.025626286822752222	0.032095809479389045	-0.05360926036516514	0.0066739819619955	0.03506167589706015	-0.09487719016087223	-0.045076035117182146	-0.0016392975873597213	0.08530146997030785	-0.014037662434374857
0.06142972440647071	-0.10408300563009913	-0.014655343746024521	0.0923105998102118	-0.0154698497155753	-0.030663177453287647	0.014968892120799517	0.10729638263205409	0.11945175860131536	-0.032481674683777315	-0.023444728633604438	-0.05973295533606905	0.10855964025865819	-0.004910846456887052	-0.10782455203488212	0.03009914644889428	-0.06733240880051032	-0.00862929234855866	-0.0245790124408063	0.019056886875209983	-0.040625183588036684	-0.005694812965933483	-0.10439139098505817	0.04841321697077959	-0.019860216102533194
0.05912352582973984	-0.10697618858268015	-0.009902852191103413	0.07217560253592967	-0.0320906185381907	-0.016459113388172148	-0.009549941499987634	-0.06749953154280162	0.09566939754877607	0.08630084028708451	-0.06840176287068633	-0.08910407708254381	0.045910536350461065	-0.10619430840362666	-0.10363048318121588	0.038644677075377554	-0.08748519119712801	-0.010712666548882735	-0.04606862199462688	-0.024246896675446793	-0.024310177591582702	0.034511967477742815	-0.1039401633400769	0.047077224941437575	-0.0019454989381711453
0.0565620281600119	-0.11164201127243438	-0.004591037318005867	0.09089037166801096	-0.008581414688580093	0.016768603430099505	0.011428083747436847	0.12477313021202976	0.11401070182640659	0.01017653941873973	-0.09355173272942209	-0.10022632619308908	0.021410981274601643	-0.0611550180112957	-0.06153421234193312	0.061078947421233674	-0.043427660135206415	0.001229144120648062	-0.09262740173967748	-0.03715302396556077	-0.002527806129878171	0.09979498340158516	-0.09538185923748589	0.048019475163770226	-0.03111066924790837
0.05845099435831929	-0.10930868148046498	-0.0006928091974572119	0.11284785773941396	-0.010418243905086565	-0.00018808561752246928	-0.010028274417366909	-0.05991941055401017	0.11805915972176259	0.12418437310267702	-0.08646950217671563	-0.07467236061370078	0.010649471198488261	-0.0662067020208336	-0.08396100954591931	-0.0257759587830758	-0.07163475065199269	-0.020435526407889582	-0.08578129329272263	-0.01722911940152812	0.009783953074696275	0.04675828237907674	-0.029500235010146703	0.07244150274098843	-0.032811902693060356
0.05917716760064048	-0.10704798348757738	0.0014800646062169821	0.09695385231583772	-0.017064773953014877	0.0037789747914802117	0.002977415025563756	0.12168810173084967	0.09963539539282104	0.03655420470298077	-0.09458039777612978	-0.029057013725616077	0.026481970699339726	0.0058192626301968725	-0.09725004903328326	-0.07865322621557186	-0.046220799421093216	-0.001549414148644574	-0.07455689442805184	0.010754486738538321	0.025556642660112507	0.07054680217419754	0.009741722437047271	0.04986899900614261	-0.003269580930720873
0.057403755009936615	-0.10764231119064513	0.012391871679913366	0.0941064726705873	-0.034589345945248866	-0.028787774357789626	0.010525454328638944	-0.092382075286654	0.028279741206985936	-0.010381133227177463	-0.06766995132329683	-0.025285984403463874	0.05616426325393061	-0.027306970240379383	-0.15573158191994851	-0.07220696471493708	-0.05921894360532183	0.018656228266519602	0.019227620927973994	-0.02095287398334351	0.05271618726275338	0.04945657065801778	0.047980686909311406	0.04091763765624712	0.005703021283581366
0.04416984564571735	-0.0966142000489094	0.02353689144068305	0.060161812778123006	-0.01301009473234771	0.044933210821747165	0.05977656834520784	0.09603930500084411	0.01623330882464766	0.06190186275045627	-0.0779086942106038	-0.012474658705287705	0.0210952637602246	-0.07102872462145335	-0.09551127778400184	0.04986929258036679	-0.021481844030201053	0.029540727924185047	0.028973859167914763	-0.07442377523883159	0.10371749949380671	0.10433183735592956	-0.053412176358815636	0.006437490055897749	-0.034680931646837776
0.04222722037278633	-0.08307786326701747	0.031076399438033937	0.07039213007251906	-0.01263748794909655	0.059454403145806536	0.04267552097044584	-0.07241677724418503	0.07470235579071625	-0.06129174396323228	-0.053747378320564615	-0.03650837336021004	-0.035079357402907775	-0.09947854005319991	-0.026564318156072048	0.020969544925678443	-0.050480329742823224	0.07213169646704234	-0.05032657185399573	-0.01106651773958315	0.05835273041285542	0.15008388892454377	-0.013098602487810177	0.054097986971030174	-0.07944080159369157
0.04559886759901954	-0.08270216313356776	0.027180683453369447	0.08998998876976448	0.004632385737816146	0.033004685762589345	0.06727188840325721	0.09286220130434479	0.017557001178881843	0.062419513179414264	-0.06624189009576636	0.012757741584422867	-0.053863837122249174	-0.03636882351770738	-0.0006992265253828146	0.08259105975334853	-0.03995459431486693	0.02899847650038884	-0.021847874384559797	-0.05340832005155876	0.05315035268541148	0.10347549294984905	0.08244636154697813	-0.05630046504601265	-0.017430713807835292
0.044540402148800375	-0.08789804432704737	0.03291511222369406	0.11518824001874728	0.027490912370131147	-0.004640039019115866	0.0798597247493715	-0.11267724638760324	0.034308286895471364	0.0410281167859593	0.0035593452581902272	0.05719925128926859	0.04950754270849108	-0.049946614371116964	-0.08535048873084718	0.09483934151005914	0.023439001039237562	0.049079284876293386	0.018575884572786895	-0.051051404063972024	0.08117282683531946	0.06064560993257932	0.07822514969956762	-0.05259543849810677	0.015937367805805666
0.03542275772698984	-0.09384037850749943	0.039673462756021335	0.09804499629682029	0.026279004931575017	0.030374634962654346	0.10478241617535242	0.09431137244120567	0.020120089642970608	0.023583605584703675	0.06725706985263413	0.10568906140902712	0.09859549522014141	-0.0584942073697913	-0.08330778186450785	0.04038706537350148	-0.026904500626217322	0.04293688868849169	0.0759660363269832	0.004369639170785089	0.11962150498516118	0.09247754392700502	-0.012948159216040693	-0.012574249143436758	-0.02481791598636348
0.043615491434430234	-0.09257971975350202	0.03494314659076383	0.012158246505685595	-0.014323504406490859	0.0458298969555563	0.05916226296194646	-0.0471621094071594	0.07202840520162843	-0.06131754299850324	0.08742059140656214	0.016184024017248323	0.05516269937971067	-0.20972187034589526	-0.004929760791914628	0.004761473858887032	-0.08183169436776923	0.0947246352006233	0.05490916011679124	0.040098544612564	0.11061044184230903	0.0784165545620882	0.044597840825247974	-0.02592270905565183	-0.021683365948378844
0.09419202907844071	-0.10624346990273893	0.0033800158615732634	-0.038001016970770116	0.013873525594838874	-0.16560073927909108	-0.09617766062786358	0.040623771997888525	-0.09087176912122098	0.026136224599668217	0.15761373314853913	-0.21395294967724737	0.13885188959020608	-0.3422136780114093	0.2207118600256204	0.00641699885257399	0.10950439273111282	0.35200690467010076	-0.02180327309322129	0.22156607572249407	-0.1179006342332525	0.0020490893512017105	0.07293846588339611	0.06520459401001573	0.1768135935697459
0.09105381238773712	-0.1139192684489785	-0.004452343935803022	-0.05762347798331273	0.08244732548669989	-0.1830889991205542	-0.07874192320062032	0.028593116538717597	0.08572209438035214	0.09950690627985527	0.06364098154124956	-0.12845407563815905	0.1614316089629506	0.22243472252724994	0.13271452939650732	-0.018421271189755145	0.10239240382114201	-0.13564221806786259	0.11931984524865927	-0.3032401337417777	0.270087129951211	-0.1727867243578828	-0.11921809508886703	0.19236996252590444	0.05635087425871397
0.05138670946927511	-0.13447956177973266	-0.014515041457046808	-0.05647478676604966	0.12040727060113857	-0.06849040711768889	-0.07455471036102748	0.008517233133138982	-0.0015696497849692862	0.04603609362123595	0.15106359387898263	0.024498331558434016	0.050778220334089234	0.06571356166165296	0.20488878875249827	0.12291407522554286	0.02969654563930332	-0.027334251731597835	-0.07385422535170076	-0.021351754407944082	0.13350214428339957	-0.004022563940876481	0.08566451337385556	-0.05156166541681095	0.04421902126914508
0.04304694623443279	-0.14203597415893796	0.011961495671859095	-0.03499429041053733	0.08066793760406199	-0.046611043269270507	-0.026459797539089818	-0.06887839326830195	-0.007880769299068892	0.06998653786121907	0.18229271175760597	0.11359800783582127	0.07723517313781963	0.019217503106252223	0.07170434292064645	0.016776347198929453	-0.024308006005533768	-0.07093183358894302	-0.009730038349571764	-0.009489594777213346	0.12222413259230606	0.014471185137193698	0.04681558493437033	-0.04853531042605756	0.030314455137359995
0.03118478397666963	-0.15502192273353627	0.03076362358025153	-0.07642468985484356	0.011677999025518453	0.034086541803877074	-0.022845136546026375	-0.026224840666832505	0.013228369406868714	-0.09269881602442134	0.12919796405101086	0.0176648393067486	0.050448320723943924	-0.030769694934383918	0.045521429958081054	-0.08453540547732945	-0.020699526448355165	-0.06392460384855242	0.03582288808156402	-0.03840639516709892	0.04516965472812234	0.06085429383559135	0.00013790573287809915	-0.05116891457122785	-0.004023626728063841
0.027916424735067256	-0.15939402198453337	0.04689151021187594	-0.08276617929493084	-0.03299004181743094	0.06093689170479158	-0.02625153085193668	0.06062222053667037	-0.07460732949978292	0.02489818480891886	-0.020699015891518433	0.0034724067800029194	-0.035071031572182915	0.012836574613973062	0.07620693494473926	-0.09824535453971876	0.059476446683564846	-0.09811679512898427	-0.01284617729215616	-0.006072956680035489	-0.025900094956273385	0.1098165941494782	0.07517719050751115	-0.10033267239628148	0.04717150308768332
0.028976101811991707	-0.14244366073127504	0.068326606307985	-0.029878480837443384	-0.004889995369564751	0.061190285901135136	-0.03713671281959174	-0.11747561583979987	-0.042362096359987396	0.029006140772661664	-0.09570425905102221	-0.05529125072128298	-0.07297350568565353	0.08213103137791161	0.0802612813776479	-0.08588173998758676	0.10673882000920647	-0.09534392259171791	-0.05575931456646204	0.02467195423752772	-0.036573378202546886	0.0835602869567445	0.0911613780948852	-0.05615730523086186	0.11240734077484868
0.02757251526307616	-0.13723735222235792	0.08498973079427363	0.028307210255897147	0.03589139960444243	0.08371716997504876	-0.00026587168743930626	0.04975807609716639	-0.044168099646821134	-0.09504228915893281	-0.07120302226731895	-0.06916637193797075	-0.05314557746383897	0.14027426467074697	0.0769061951333672	-0.1323522140660592	0.09843155745276136	-0.06837864891503995	-0.04456083784414247	0.04913779332793444	0.0015958783744409394	0.026276254265330024	0.07688428399129024	0.003727440186483095	0.05281193341766844
0.021533551180326144	-0.1291493739494528	0.09900249232578158	0.028411323206403657	0.03867069155004096	0.08346404025095586	0.008871047364207981	-0.10066495651444766	-0.08801623972891483	0.05813554099014479	-0.05991296735417486	-0.05987541499399796	-0.07349316695492826	0.09166284999379419	0.04253225758401405	-0.1465102951507501	0.04234112816710857	-0.0605751616472988	0.0019598397033278835	0.045597074169245806	-0.023038501914427065	-0.04483165799910769	0.06743269060773946	0.05081362157743597	-0.007238721895101323
0.018709179339186394	-0.12330623869975806	0.09640966759049913	0.005014692895846751	0.043275915825793154	0.09386371861141567	0.046101746113494185	0.0008765141041791513	-0.05877720297523878	-0.13162135279526477	-0.011305352534483757	-0.09435113190267737	-0.05793343484270019	0.07625624970262493	0.046494594433380894	-0.06287006330179921	-0.011272053032531395	0.006763713248718743	0.02229199222708754	0.020386343285675162	-0.04674121757647404	-0.036038861486081764	0.025926159783119067	0.05271230008810888	-0.02174563253821124
0.0178231766504099	-0.13143342565505073	0.0977910638545728	0.021102558307662257	0.042555616120051556	0.08324006427942661	0.060981118479998285	0.045391803284689704	-0.13330813655974647	-0.0012128491267657119	-3.752021995536483e-05	-0.015155632928893386	-0.036476720675182886	0.04698473504399138	-0.0012759058360999691	0.037124567811861006	0.047395320175445184	-0.008525116974679711	0.02769627772037253	-0.02834532218041623	-0.0380748074425383	0.013829204581911399	0.08534835394615506	-0.02201852217733172	-0.04617029878016861
0.016036101480288095	-0.13610978942508978	0.10739936303573132	0.04078172795091798	0.044520442136923855	0.08276182811397151	0.05989814704521659	-0.11616126400860524	-0.11662500363180195	0.03281040461061163	0.06444214315968522	-1.5742123473052355e-05	0.016671414013972177	0.004085970399682397	-0.058836458891969645	0.013613632473252365	0.036086956171706486	-0.039881068480999135	0.018389384546960465	-0.023960423710411037	-0.018651971119954223	0.00642564785952815	-0.045372854822042306	0.042927436739842416	-0.02790221973223609
0.009051323890093683	-0.13812644289438622	0.1186112620691051	0.017272657223514135	-0.0034296258999928432	0.11938795703254604	0.08201211579793158	-0.005068026038022862	-0.070594542788723	-0.13629744890874573	0.10757972838308354	-0.011569933408748765	0.05126977154421332	0.01565876273454623	-0.06788733955129152	-0.04981468278088729	0.012705459645781639	-0.03220022592409043	0.03535342290552956	-0.030376629828785286	-0.04572722675650557	-0.03697271202965809	-0.08622723475443675	0.041102797456178605	-0.060061296249951296
0.013695223100900449	-0.14198158045091203	0.13058174761689836	-0.03041968193118975	-0.04513862014072876	0.09385234080096175	0.09784101260396168	0.007973125919410533	-0.18389696584664605	0.028398849851457644	0.0717444431548266	-0.017321030824033953	0.02802633573556911	-0.008871194897952414	-0.06911231102374092	-0.012933058849714225	-0.0070457062142938245	0.006292675562336276	0.08291380397785819	-0.03454972157208414	-0.0638745830717129	-0.02867342118422617	-0.0507097007359089	0.014746704037989559	-0.1070347743681909
0.018331205456421817	-0.14228775293434154	0.13812458399371633	-0.05035769137727459	-0.04979771788154676	0.11295813511711601	0.08376984516108621	-0.10936209667651321	-0.07843370724333901	-0.09607902090916101	0.09341029296588735	-0.050307294178432584	-0.013850723557433931	0.02860242386644903	-0.00490547904566778	-0.051411659587433205	-0.019360418072258093	0.07174280779173975	0.006274039198926416	0.04404147521588248	-0.07258414727944748	0.0010696500177308742	-0.18615233657479696	-0.0031679044160249047	-0.05820818314058573
0.01729520283171152	-0.1390824058423772	0.1307677107538105	-0.06999093872217899	-0.05562308421420421	0.08906879560901682	0.09019379271168589	0.04932052459068412	-0.10780254744867108	-0.05782501322187335	0.018345884243310344	0.04315368990930144	-0.07010353774951496	0.11813375417155131	0.023290862682481126	-0.018737162226255166	-0.03039257724936276	-0.03840193728806682	-0.11480360245497889	0.03965075901061194	-0.0074319524626254175	-0.02831127088798646	-0.014457688028906273	-0.0008294250035014543	0.012912612557950096
0.012667239921839851	-0.14015770731088056	0.13048741504086767	-0.09252937714134572	-0.06513820868108738	0.07458690746413739	0.10986312563117764	-0.1025113833929868	-0.09199469266430198	0.040440262291428254	0.03656699798326625	0.06172747563182079	-0.044824337093592743	0.06921508931799857	0.014233825447073934	0.043851514613230634	-0.04163035653511632	-0.02798914255947768	-0.09486709993282946	0.021544674554448633	0.009646038063233432	-0.0954950657796972	-0.02754392526389595	-0.02916576552726846	0.02259763668328673
0.01387748462125655	-0.1384117783515252	0.1216590445753218	-0.11095022169291349	-0.07191255663026108	0.09814803871540137	0.12851096061581144	0.03133786929641586	-0.012308036560315502	-0.07673484524942652	0.0297817796089819	-0.004846423773019113	-0.011973735151342335	0.08953456528871086	0.013675984517059626	0.027513021748909895	-0.0795250509869937	0.0030249966256365723	-0.08074535043045467	0.018554723726563575	-0.014418686129880308	-0.07163164325998034	-0.0739038012589447	-0.06391999774472926	0.0522517433407673
0.01639878110025963	-0.13268901096377428	0.1054532316264317	-0.0840660984380128	-0.06333055082125258	0.07055641104768849	0.1197143130596663	0.007808800418095043	-0.10048645438617607	0.08348207227502505	-0.011442193897489435	0.0016409340722798706	-0.040962123539486396	0.09500643803480371	0.01147379007769803	0.06538341627273096	-0.08275359428388226	0.017310857881221393	-0.04747264286402641	0.032242186582639484	-0.027816979801626743	-0.024271811430811183	0.02948089394246916	-0.04804527725909002	-0.08587879467758405
